anon_id,media_title,media_type,external_source,rating,lists,engagement_types
00ca7193-be90-412f-9f6c-21be44b255a2,Bugonia,movie,tmdb,4.0,Finished,tracked; rated; rated_high
00ca7193-be90-412f-9f6c-21be44b255a2,Grey's Anatomy,tv,tmdb,5.0,Favorites,tracked; rated; rated_high
00ca7193-be90-412f-9f6c-21be44b255a2,Hamnet,movie,tmdb,5.0,Finished,tracked; rated; rated_high
00ca7193-be90-412f-9f6c-21be44b255a2,I Feel Bad About My Neck,book,openlibrary,5.0,Favorites,tracked; rated; rated_high
00ca7193-be90-412f-9f6c-21be44b255a2,Memory of a Killer,tv,tmdb,,Currently,tracked
00ca7193-be90-412f-9f6c-21be44b255a2,One Battle After Another,movie,tmdb,4.0,Finished,tracked; rated; rated_high
00ca7193-be90-412f-9f6c-21be44b255a2,PONIES,tv,tmdb,4.0,Finished,tracked; rated; rated_high
00ca7193-be90-412f-9f6c-21be44b255a2,Saint of the Narrows Street,book,googlebooks,4.0,Currently,tracked; rated; rated_high
00ca7193-be90-412f-9f6c-21be44b255a2,Seinfeld,tv,tmdb,5.0,Favorites,tracked; rated; rated_high
00ca7193-be90-412f-9f6c-21be44b255a2,The Americans,tv,tmdb,,Currently,tracked
00ca7193-be90-412f-9f6c-21be44b255a2,The Traitors,tv,tmdb,5.0,Favorites,tracked; rated; rated_high
00ca7193-be90-412f-9f6c-21be44b255a2,Veronica Mars,tv,tmdb,5.0,Favorites,tracked; rated; rated_high
08067432-b5b7-47dc-a406-6d890cd41d95,PBD Podcast,podcast,itunes,,Finished,tracked
08067432-b5b7-47dc-a406-6d890cd41d95,Vanilla Ice Is Back! - Hip Hop Classics,music,spotify,,Finished,tracked
08067432-b5b7-47dc-a406-6d890cd41d95,"Victor the Assassin Series Tom Wood Collection 3 Books Set (The Hunter, The Enemy, The Game)",youtube,youtube,5.0,Currently,tracked; rated; rated_high
0a864ef6-b04a-4b78-9cd2-fa885a60a9dd,All's Fair,tv,tmdb,,Want To,tracked
0ccb989c-161e-443d-9fd8-67a384603d2a,A Merry Little Ex-Mas,movie,tmdb,,Finished,tracked
0ccb989c-161e-443d-9fd8-67a384603d2a,All in Her Head,book,openlibrary,,Want To,tracked
0ccb989c-161e-443d-9fd8-67a384603d2a,Amazing! TECHART modified Porsche 992 Targa 4S opens its roof. Subscribe for more!,youtube,youtube,,Currently,tracked
0ccb989c-161e-443d-9fd8-67a384603d2a,Brooklyn Nine-Nine,tv,tmdb,,Currently,tracked
0ccb989c-161e-443d-9fd8-67a384603d2a,How to Take Over the World,podcast,itunes,,Want To,tracked
0ccb989c-161e-443d-9fd8-67a384603d2a,I found Stradmans old car,youtube,youtube,,Currently,tracked
0ccb989c-161e-443d-9fd8-67a384603d2a,Startup Nation,book,openlibrary,,Currently,tracked
0ccb989c-161e-443d-9fd8-67a384603d2a,Zero to One,book,openlibrary,,Currently,tracked
0fac3c67-db9f-4b10-8841-175024257821,Mayor of Kingstown,tv,tmdb,5.0,Currently,tracked; rated; rated_high
0fac3c67-db9f-4b10-8841-175024257821,Stranger Things,tv,tmdb,4.0,Currently,tracked; rated; rated_high
0fac3c67-db9f-4b10-8841-175024257821,Task,tv,tmdb,,Want To,tracked
0fac3c67-db9f-4b10-8841-175024257821,The Asset,tv,tmdb,,Want To,tracked
0fac3c67-db9f-4b10-8841-175024257821,Tulsa King,tv,tmdb,,Want To,tracked
135c2365-09ef-40aa-9b5b-8a7fe156bca3,Friends,tv,tmdb,,Finished,tracked
135c2365-09ef-40aa-9b5b-8a7fe156bca3,The Dark Knight,movie,tmdb,,Finished,tracked
135c2365-09ef-40aa-9b5b-8a7fe156bca3,The Dark Knight Rises,movie,tmdb,,Finished,tracked
135c2365-09ef-40aa-9b5b-8a7fe156bca3,Vanilla Ice Is Back! - Hip Hop Classics,music,spotify,,Finished,tracked
135c2365-09ef-40aa-9b5b-8a7fe156bca3,Wednesday,tv,tmdb,,Finished,tracked
17aaaa42-4e11-49dd-bc64-4dd22b79aa61,Mortal Kombat II,movie,tmdb,,Finished,tracked
17aaaa42-4e11-49dd-bc64-4dd22b79aa61,Star Wars: Episode I - The Phantom Menace,movie,tmdb,,Currently,tracked
17aaaa42-4e11-49dd-bc64-4dd22b79aa61,The Bachelorette,tv,tmdb,,Currently,tracked
188feb17-6711-43d4-bf24-b117c377591c,Better Together,music,itunes,,Finished,tracked
188feb17-6711-43d4-bf24-b117c377591c,Crooked Kingdom,book,googlebooks,,Currently,tracked
188feb17-6711-43d4-bf24-b117c377591c,Happy's Place,tv,tmdb,,Finished,tracked
188feb17-6711-43d4-bf24-b117c377591c,Hogwarts Legacy,game,rawg,,Currently,tracked
188feb17-6711-43d4-bf24-b117c377591c,Project Hail Mary,movie,tmdb,5.0,Finished,tracked; rated; rated_high
188feb17-6711-43d4-bf24-b117c377591c,Stargate SG-1,tv,tmdb,,Finished,tracked
188feb17-6711-43d4-bf24-b117c377591c,The Diplomat,tv,tmdb,,Want To,tracked
1a6b60fa-a07b-4181-8a50-28c6978d84b0,A Cross-Country Christmas,book,googlebooks,5.0,Finished,tracked; rated; rated_high
1a6b60fa-a07b-4181-8a50-28c6978d84b0,A Million Miles Away,movie,tmdb,5.0,Finished,tracked; rated; rated_high
1a6b60fa-a07b-4181-8a50-28c6978d84b0,In Your Dreams,book,googlebooks,5.0,Finished,tracked; rated; rated_high
1a6b60fa-a07b-4181-8a50-28c6978d84b0,Project Hail Mary,movie,tmdb,,Finished,tracked
1dc73a23-42df-4ae3-b495-869871d5d564,Brooklyn Nine-Nine,tv,tmdb,,Favorites,tracked
1dc73a23-42df-4ae3-b495-869871d5d564,Dear Evan Hansen,mixed,,,Favorites,tracked
1dc73a23-42df-4ae3-b495-869871d5d564,Friends,tv,tmdb,,Favorites,tracked
1dc73a23-42df-4ae3-b495-869871d5d564,Gilmore Girls,tv,tmdb,5.0,Favorites; Currently,tracked; rated; rated_high
1dc73a23-42df-4ae3-b495-869871d5d564,Harry Potter and the Philosopher's Stone,movie,tmdb,,Favorites,tracked
1dc73a23-42df-4ae3-b495-869871d5d564,Just Friends,movie,tmdb,5.0,Favorites,tracked; rated; rated_high
1dc73a23-42df-4ae3-b495-869871d5d564,Nobody Wants This,tv,tmdb,,Want To,tracked
1dc73a23-42df-4ae3-b495-869871d5d564,Only Murders in the Building,tv,tmdb,,Currently,tracked
1dc73a23-42df-4ae3-b495-869871d5d564,Parks and Recreation,tv,tmdb,5.0,Favorites,tracked; rated; rated_high
1dc73a23-42df-4ae3-b495-869871d5d564,Schitt's Creek,tv,tmdb,5.0,Favorites,tracked; rated; rated_high
1dc73a23-42df-4ae3-b495-869871d5d564,The Office,tv,tmdb,5.0,Favorites,tracked; rated; rated_high
1dc73a23-42df-4ae3-b495-869871d5d564,Wicked: For Good,movie,tmdb,5.0,Finished,tracked; rated; rated_high
1e7a0902-3af3-4171-beef-02b8ba590c5a,Mercy,movie,tmdb,3.5,Finished,tracked; rated
1e7a0902-3af3-4171-beef-02b8ba590c5a,"Rich Dad, Poor Dad",book,openlibrary,4.0,Finished,tracked; rated; rated_high
1e7a0902-3af3-4171-beef-02b8ba590c5a,Rooster,mixed,tmdb,,Want To,tracked
1e7a0902-3af3-4171-beef-02b8ba590c5a,Speed,movie,tmdb,4.0,Currently,tracked; rated; rated_high
1e7a0902-3af3-4171-beef-02b8ba590c5a,The Count of Monte Cristo,mixed,tmdb,,Want To,tracked
1e7a0902-3af3-4171-beef-02b8ba590c5a,The Pitt,tv,tmdb,,Want To,tracked
1e7a0902-3af3-4171-beef-02b8ba590c5a,The Turnaround,mixed,tmdb,,Want To,tracked
1e7a0902-3af3-4171-beef-02b8ba590c5a,Your Friends & Neighbors,tv,tmdb,4.0,Currently,tracked; rated; rated_high
1e7a0902-3af3-4171-beef-02b8ba590c5a,Your Friends and Neighbors,music,itunes,,Currently,tracked
1f80f848-caec-44a5-b45e-971df7ae363f,All Her Fault,tv,tmdb,4.0,Finished,tracked; rated; rated_high
1f80f848-caec-44a5-b45e-971df7ae363f,Avatar: Fire and Ash,movie,tmdb,,Finished,tracked
1f80f848-caec-44a5-b45e-971df7ae363f,Call of Duty: Modern Warfare,game,tmdb,4.0,Favorites,tracked; rated; rated_high
1f80f848-caec-44a5-b45e-971df7ae363f,Get Out,movie,tmdb,,Finished,tracked
1f80f848-caec-44a5-b45e-971df7ae363f,Knives Out,movie,tmdb,,Finished,tracked
1f80f848-caec-44a5-b45e-971df7ae363f,Louis C.K.: Hilarious,movie,tmdb,5.0,Favorites,tracked; rated; rated_high
1f80f848-caec-44a5-b45e-971df7ae363f,Moneyball,movie,tmdb,4.5,Finished,tracked; rated; rated_high
1f80f848-caec-44a5-b45e-971df7ae363f,Nate Bargatze: The Tennessee Kid,movie,tmdb,5.0,Finished,tracked; rated; rated_high
1f80f848-caec-44a5-b45e-971df7ae363f,Outcome,movie,tmdb,,Finished,tracked
1f80f848-caec-44a5-b45e-971df7ae363f,Planet Earth II,tv,tmdb,1.0,Finished,tracked; rated
1f80f848-caec-44a5-b45e-971df7ae363f,Project Hail Mary,movie,tmdb,,Finished,tracked
1f80f848-caec-44a5-b45e-971df7ae363f,Startup,movie,tmdb,,Currently,tracked
1f80f848-caec-44a5-b45e-971df7ae363f,Stranger Things,tv,tmdb,,Want To,tracked
1f80f848-caec-44a5-b45e-971df7ae363f,The Beatles: Get Back,tv,tmdb,4.0,Finished,tracked; rated; rated_high
1f80f848-caec-44a5-b45e-971df7ae363f,The Bride!,movie,tmdb,,Finished,tracked
1f80f848-caec-44a5-b45e-971df7ae363f,The Expanse,tv,tmdb,5.0,Finished,tracked; rated; rated_high
1f80f848-caec-44a5-b45e-971df7ae363f,The Fugitive,movie,tmdb,5.0,Favorites,tracked; rated; rated_high
1f80f848-caec-44a5-b45e-971df7ae363f,The Joe Rogan Experience,podcast,tmdb,4.0,Finished,tracked; rated; rated_high
1f80f848-caec-44a5-b45e-971df7ae363f,The Pitt,tv,tmdb,,Currently,tracked
1f80f848-caec-44a5-b45e-971df7ae363f,The Shining,movie,tmdb,,Finished,tracked
1f80f848-caec-44a5-b45e-971df7ae363f,The Super Mario Galaxy Movie,movie,tmdb,,Finished,tracked
1f80f848-caec-44a5-b45e-971df7ae363f,The Turnaround,movie,tmdb,,Currently,tracked
1f80f848-caec-44a5-b45e-971df7ae363f,Thrash,movie,tmdb,,Finished,tracked
1f80f848-caec-44a5-b45e-971df7ae363f,War Machine,movie,tmdb,,Finished,tracked
20836319-984d-4c53-aeec-90066b3fdee1,The Unselected Journals of Emma M. Lion,book,googlebooks,5.0,Finished; Favorites,tracked; rated; rated_high
23e8d49b-d1e6-49e2-8fef-d0f01c4dbb0b,Schitt's Creek,tv,tmdb,,Finished,tracked
23e8d49b-d1e6-49e2-8fef-d0f01c4dbb0b,The Midnight Library,book,openlibrary,,Finished,tracked
23e8d49b-d1e6-49e2-8fef-d0f01c4dbb0b,The Queen's Gambit,tv,tmdb,,Finished,tracked
2510625e-8a51-4637-9eb4-4d91ba3e76af,Greenland 2: Migration,movie,tmdb,,Finished,tracked
2510625e-8a51-4637-9eb4-4d91ba3e76af,Project Hail Mary,movie,tmdb,,Finished,tracked
2510625e-8a51-4637-9eb4-4d91ba3e76af,Remarkably Bright Creatures [Movie Tie-In],book,googlebooks,,Currently,tracked
2510625e-8a51-4637-9eb4-4d91ba3e76af,Stranger Things: Tales from '85,tv,tmdb,,Finished,tracked
2510625e-8a51-4637-9eb4-4d91ba3e76af,"The Unselected Journals of Emma M. Lion, vol. 1",book,googlebooks,4.5,Finished,tracked; rated; rated_high
2a1c1fe4-041b-4ad7-a4d1-ae06a5027b96,A House of Dynamite,movie,tmdb,,Want To,tracked
2a1c1fe4-041b-4ad7-a4d1-ae06a5027b96,Crime Junkie,podcast,itunes,,Currently,tracked
2a1c1fe4-041b-4ad7-a4d1-ae06a5027b96,Curse of: America’s Next Top Model,podcast,itunes,,Currently,tracked
2a1c1fe4-041b-4ad7-a4d1-ae06a5027b96,DAHMER - Monster: The Jeffrey Dahmer Story,tv,tmdb,4.0,Currently,tracked; rated; rated_high
2a1c1fe4-041b-4ad7-a4d1-ae06a5027b96,Don't Worry Darling,movie,tmdb,4.0,Finished,tracked; rated; rated_high
2a1c1fe4-041b-4ad7-a4d1-ae06a5027b96,Educated,book,googlebooks,5.0,Finished,tracked; rated; rated_high
2a1c1fe4-041b-4ad7-a4d1-ae06a5027b96,Fallout,tv,tmdb,3.0,Currently,tracked; rated
2a1c1fe4-041b-4ad7-a4d1-ae06a5027b96,Good Hang with Amy Poehler,podcast,itunes,,Currently,tracked
2a1c1fe4-041b-4ad7-a4d1-ae06a5027b96,Hereditary,movie,tmdb,,Finished,tracked
2a1c1fe4-041b-4ad7-a4d1-ae06a5027b96,Hogwarts Legacy,game,rawg,,Currently,tracked
2a1c1fe4-041b-4ad7-a4d1-ae06a5027b96,House of My Mother,book,openlibrary,4.0,Finished,tracked; rated; rated_high
2a1c1fe4-041b-4ad7-a4d1-ae06a5027b96,IT: Welcome to Derry,tv,tmdb,,Want To,tracked
2a1c1fe4-041b-4ad7-a4d1-ae06a5027b96,Morbid,podcast,itunes,,Currently,tracked
2a1c1fe4-041b-4ad7-a4d1-ae06a5027b96,Only Murders in the Building,tv,tmdb,,Did Not Finish,tracked
2a1c1fe4-041b-4ad7-a4d1-ae06a5027b96,Sociopath,book,googlebooks,5.0,Finished,tracked; rated; rated_high
2a1c1fe4-041b-4ad7-a4d1-ae06a5027b96,Stranger Things,tv,tmdb,,Want To,tracked
2a1c1fe4-041b-4ad7-a4d1-ae06a5027b96,The Expanse,tv,tmdb,,Finished,tracked
2a1c1fe4-041b-4ad7-a4d1-ae06a5027b96,The Invisible Man,movie,tmdb,,Finished; Currently,tracked
2a1c1fe4-041b-4ad7-a4d1-ae06a5027b96,The Lighthouse,movie,tmdb,,Currently,tracked
2a1c1fe4-041b-4ad7-a4d1-ae06a5027b96,The Secret Lives of Mormon Wives,tv,tmdb,3.0,Finished,tracked; rated
2a1c1fe4-041b-4ad7-a4d1-ae06a5027b96,The Strangers,movie,tmdb,5.0,Finished,tracked; rated; rated_high
2a1c1fe4-041b-4ad7-a4d1-ae06a5027b96,The Women,book,openlibrary,,Currently,tracked
2a1c1fe4-041b-4ad7-a4d1-ae06a5027b96,The storied life of A. J. Fikry,book,openlibrary,3.0,Finished,tracked; rated
2a1c1fe4-041b-4ad7-a4d1-ae06a5027b96,Weapons,movie,tmdb,,Want To; Finished,tracked
2a1c1fe4-041b-4ad7-a4d1-ae06a5027b96,Why Not Us?,movie,tmdb,,Finished,tracked
2a1c1fe4-041b-4ad7-a4d1-ae06a5027b96,Wicked: For Good,movie,tmdb,,Currently,tracked
2a491833-5b15-469e-a08b-acb862a69ff4,All's Fair,tv,tmdb,,Currently,tracked
2a491833-5b15-469e-a08b-acb862a69ff4,Hood Feminism,book,googlebooks,,Currently,tracked
2a491833-5b15-469e-a08b-acb862a69ff4,The Souls of Black Folk,book,openlibrary,,Currently,tracked
2a491833-5b15-469e-a08b-acb862a69ff4,The Underground Railroad,book,openlibrary,,Currently,tracked
2a491833-5b15-469e-a08b-acb862a69ff4,The Warmth of Other Suns: The Epic Story of America's Great Migration,book,openlibrary,,Currently,tracked
36b0ad0c-4463-41ab-b3f8-1f1d913ee309,Fractured Earth,book,googlebooks,,Finished,tracked
36b0ad0c-4463-41ab-b3f8-1f1d913ee309,The Middle,tv,tmdb,5.0,Finished,tracked; rated; rated_high
36b0ad0c-4463-41ab-b3f8-1f1d913ee309,We Wish to Inform,book,googlebooks,5.0,Finished,tracked; rated; rated_high
36b0ad0c-4463-41ab-b3f8-1f1d913ee309,Why People Buy Podcast,podcast,itunes,,Finished,tracked
3a07d0ef-6b0a-4c4b-b967-5ea3837f69f5,All's Fair,tv,tmdb,,Want To,tracked
3a444874-9585-4320-a3d0-cd8442677933,The Unselected Journals of Emma M. Lion: Vol. 5,book,googlebooks,,Finished,tracked
3b774852-d872-4221-b075-cbaef232a998,The Social Network,movie,tmdb,4.0,Favorites,tracked; rated; rated_high
3c0522e0-953a-41a4-980c-d2320677b31b,Robin Hood,tv,tmdb,,Want To,tracked
3c0522e0-953a-41a4-980c-d2320677b31b,Silo,tv,tmdb,5.0,Want To,tracked; rated; rated_high
3c0522e0-953a-41a4-980c-d2320677b31b,Slow Horses,tv,tmdb,5.0,Want To,tracked; rated; rated_high
3c7da7e4-4da9-4798-818a-f21d7fffb7be,Harry Potter and the Order of the Phoenix,book,googlebooks,5.0,Finished,tracked; rated; rated_high
3c7da7e4-4da9-4798-818a-f21d7fffb7be,Severance,tv,tmdb,,Currently,tracked
3c7da7e4-4da9-4798-818a-f21d7fffb7be,Titanic,movie,tmdb,,Currently,tracked
41849796-014e-414c-ad4f-7fe99bdc69f8,A Merry Little Ex-Mas,movie,tmdb,,Want To,tracked
41849796-014e-414c-ad4f-7fe99bdc69f8,American Strays,movie,tmdb,3.5,Finished,tracked; rated
41849796-014e-414c-ad4f-7fe99bdc69f8,Armchair Expert with Dax Shepard,podcast,itunes,,Currently,tracked
41849796-014e-414c-ad4f-7fe99bdc69f8,Ask for Andrea,book,googlebooks,,Finished,tracked
41849796-014e-414c-ad4f-7fe99bdc69f8,BRAIDING SWEETGRASS,book,openlibrary,,Currently,tracked
41849796-014e-414c-ad4f-7fe99bdc69f8,Below Deck,tv,tmdb,,Finished,tracked
41849796-014e-414c-ad4f-7fe99bdc69f8,Below Deck Mediterranean,tv,tmdb,5.0,Finished,tracked; rated; rated_high
41849796-014e-414c-ad4f-7fe99bdc69f8,Better Call Saul,tv,tmdb,4.0,Finished,tracked; rated; rated_high
41849796-014e-414c-ad4f-7fe99bdc69f8,Big Mistakes,tv,tmdb,,Currently,tracked
41849796-014e-414c-ad4f-7fe99bdc69f8,Bohemian Rhapsody,movie,tmdb,,Finished,tracked
41849796-014e-414c-ad4f-7fe99bdc69f8,Bugonia,movie,tmdb,3.0,Finished,tracked; rated
41849796-014e-414c-ad4f-7fe99bdc69f8,Choke,book,openlibrary,,Finished,tracked
41849796-014e-414c-ad4f-7fe99bdc69f8,Come See Me in the Good Light,movie,tmdb,5.0,Finished,tracked; rated; rated_high
41849796-014e-414c-ad4f-7fe99bdc69f8,Creative Act,book,openlibrary,,Currently,tracked
41849796-014e-414c-ad4f-7fe99bdc69f8,Data Over Dogma,podcast,itunes,,Want To,tracked
41849796-014e-414c-ad4f-7fe99bdc69f8,Friends from College,tv,tmdb,,Want To,tracked
41849796-014e-414c-ad4f-7fe99bdc69f8,"Good Luck to You, Leo Grande",movie,tmdb,,Finished,tracked
41849796-014e-414c-ad4f-7fe99bdc69f8,Hamnet,movie,tmdb,,Want To,tracked
41849796-014e-414c-ad4f-7fe99bdc69f8,Handsome,podcast,itunes,,Currently,tracked
41849796-014e-414c-ad4f-7fe99bdc69f8,Haunted,book,openlibrary,,Finished,tracked
41849796-014e-414c-ad4f-7fe99bdc69f8,Hoppers,movie,tmdb,,Want To,tracked
41849796-014e-414c-ad4f-7fe99bdc69f8,James,book,googlebooks,,Currently,tracked
41849796-014e-414c-ad4f-7fe99bdc69f8,Knives Out,movie,tmdb,,Finished; Want To,tracked
41849796-014e-414c-ad4f-7fe99bdc69f8,Making a Murderer,mixed,tmdb,,Finished,tracked
41849796-014e-414c-ad4f-7fe99bdc69f8,Making a Murderer,tv,tmdb,,Finished,tracked
41849796-014e-414c-ad4f-7fe99bdc69f8,Marty Supreme,movie,tmdb,,Want To,tracked
41849796-014e-414c-ad4f-7fe99bdc69f8,Myth of Normal,book,openlibrary,,Currently,tracked
41849796-014e-414c-ad4f-7fe99bdc69f8,Nobody Wants This,tv,tmdb,,Finished,tracked
41849796-014e-414c-ad4f-7fe99bdc69f8,One Battle After Another,movie,tmdb,,Want To,tracked
41849796-014e-414c-ad4f-7fe99bdc69f8,Only Murders in the Building,tv,tmdb,3.0,Did Not Finish,tracked; rated
41849796-014e-414c-ad4f-7fe99bdc69f8,Palm Royale,tv,tmdb,,Finished,tracked
41849796-014e-414c-ad4f-7fe99bdc69f8,Paradise,tv,tmdb,4.5,Finished,tracked; rated; rated_high
41849796-014e-414c-ad4f-7fe99bdc69f8,Pluribus,tv,tmdb,,Finished; Want To,tracked
41849796-014e-414c-ad4f-7fe99bdc69f8,Real Housewives of New York City,tv,tmdb,,Finished,tracked
41849796-014e-414c-ad4f-7fe99bdc69f8,Revolting Youth,book,googlebooks,4.0,Finished,tracked; rated; rated_high
41849796-014e-414c-ad4f-7fe99bdc69f8,Rooster,tv,tmdb,4.5,Currently,tracked; rated; rated_high
41849796-014e-414c-ad4f-7fe99bdc69f8,S-Town,mixed,,,Finished,tracked
41849796-014e-414c-ad4f-7fe99bdc69f8,Schitt's Creek,tv,tmdb,5.0,Finished,tracked; rated; rated_high
41849796-014e-414c-ad4f-7fe99bdc69f8,Scrubs,tv,tmdb,,Finished,tracked
41849796-014e-414c-ad4f-7fe99bdc69f8,Serial,mixed,,,Finished,tracked
41849796-014e-414c-ad4f-7fe99bdc69f8,Severance,tv,tmdb,5.0,Finished,tracked; rated; rated_high
41849796-014e-414c-ad4f-7fe99bdc69f8,Sinners,movie,tmdb,,Finished,tracked
41849796-014e-414c-ad4f-7fe99bdc69f8,Story Break,podcast,itunes,,Want To,tracked
41849796-014e-414c-ad4f-7fe99bdc69f8,Stranger Things,tv,tmdb,,Did Not Finish; Finished,tracked
41849796-014e-414c-ad4f-7fe99bdc69f8,Succession,mixed,tmdb,,Want To,tracked
41849796-014e-414c-ad4f-7fe99bdc69f8,Survivor,book,googlebooks,5.0,Finished,tracked; rated; rated_high
41849796-014e-414c-ad4f-7fe99bdc69f8,THE TORTURED POETS DEPARTMENT,music,spotify,,Finished,tracked
41849796-014e-414c-ad4f-7fe99bdc69f8,Task,tv,tmdb,,Finished,tracked
41849796-014e-414c-ad4f-7fe99bdc69f8,Ted Lasso,tv,tmdb,,Finished,tracked
41849796-014e-414c-ad4f-7fe99bdc69f8,The Crown,tv,tmdb,5.0,Finished,tracked; rated; rated_high
41849796-014e-414c-ad4f-7fe99bdc69f8,The Daily Show,tv,tmdb,,Finished,tracked
41849796-014e-414c-ad4f-7fe99bdc69f8,The Gifts of Imperfection,book,googlebooks,,Finished,tracked
41849796-014e-414c-ad4f-7fe99bdc69f8,The Good Place,tv,tmdb,3.0,Finished,tracked; rated
41849796-014e-414c-ad4f-7fe99bdc69f8,The Keepers,tv,tmdb,,Finished,tracked
41849796-014e-414c-ad4f-7fe99bdc69f8,The Last Dance,tv,tmdb,,Finished,tracked
41849796-014e-414c-ad4f-7fe99bdc69f8,The Marvelous Mrs. Maisel,tv,tmdb,4.5,Finished,tracked; rated; rated_high
41849796-014e-414c-ad4f-7fe99bdc69f8,The Morning Show,tv,tmdb,3.0,Finished,tracked; rated
41849796-014e-414c-ad4f-7fe99bdc69f8,The Office,tv,tmdb,5.0,Finished,tracked; rated; rated_high
41849796-014e-414c-ad4f-7fe99bdc69f8,The Pitt,tv,tmdb,,Want To,tracked
41849796-014e-414c-ad4f-7fe99bdc69f8,The Real Housewives of Beverly Hills,tv,tmdb,,Finished,tracked
41849796-014e-414c-ad4f-7fe99bdc69f8,The Real Housewives of Potomac,tv,tmdb,,Finished,tracked
41849796-014e-414c-ad4f-7fe99bdc69f8,The Real Housewives of Salt Lake City,mixed,tmdb,,Finished,tracked
41849796-014e-414c-ad4f-7fe99bdc69f8,The Real Housewives of Salt Lake City,tv,tmdb,,Finished,tracked
41849796-014e-414c-ad4f-7fe99bdc69f8,The Toast,mixed,itunes,,Want To,tracked
41849796-014e-414c-ad4f-7fe99bdc69f8,The Traitors,tv,tmdb,,Finished,tracked
41849796-014e-414c-ad4f-7fe99bdc69f8,The White Lotus,tv,tmdb,,Finished,tracked
41849796-014e-414c-ad4f-7fe99bdc69f8,The Wolf of Wall Street,movie,tmdb,,Finished,tracked
41849796-014e-414c-ad4f-7fe99bdc69f8,Timesuck with Dan Cummins,podcast,itunes,,Want To,tracked
41849796-014e-414c-ad4f-7fe99bdc69f8,Vanderpump Rules,mixed,tmdb,,Finished,tracked
41849796-014e-414c-ad4f-7fe99bdc69f8,Watch What Happens Live with Andy Cohen,tv,tmdb,,Finished,tracked
41849796-014e-414c-ad4f-7fe99bdc69f8,Youth in Revolt,movie,tmdb,,Finished,tracked
41849796-014e-414c-ad4f-7fe99bdc69f8,Youth in Revolt,book,googlebooks,,Finished,tracked
41849796-014e-414c-ad4f-7fe99bdc69f8,Zootopia 2,movie,tmdb,,Finished,tracked
41849796-014e-414c-ad4f-7fe99bdc69f8,“Wuthering Heights”,movie,tmdb,,Want To,tracked
4741e6ea-ab79-4f94-89be-ecf87051ad5e,Your Friends & Neighbors,mixed,tmdb,,Currently,tracked
4cfa5e17-e21e-49d2-848a-27bc28c30086,Bugonia,movie,tmdb,,Finished,tracked
4cfa5e17-e21e-49d2-848a-27bc28c30086,Crime Junkie,podcast,itunes,,Finished,tracked
4cfa5e17-e21e-49d2-848a-27bc28c30086,Friends,tv,tmdb,,Finished,tracked
4cfa5e17-e21e-49d2-848a-27bc28c30086,Pulp Fiction,movie,tmdb,,Finished,tracked
4cfa5e17-e21e-49d2-848a-27bc28c30086,The Big Bang Theory,tv,tmdb,,Finished,tracked
4cfa5e17-e21e-49d2-848a-27bc28c30086,The Silent Patient,book,googlebooks,3.0,Finished,tracked; rated
4cfa5e17-e21e-49d2-848a-27bc28c30086,The Simpsons,tv,tmdb,,Finished,tracked
4cfa5e17-e21e-49d2-848a-27bc28c30086,The Traitors,tv,tmdb,,Currently,tracked
4cfa5e17-e21e-49d2-848a-27bc28c30086,Wednesday,tv,tmdb,,Finished,tracked
50e7aa23-200a-43a3-82d0-c0296f450e46,A Court of Thorns and Roses,book,googlebooks,5.0,Finished,tracked; rated; rated_high
50e7aa23-200a-43a3-82d0-c0296f450e46,The Unselected Journals of Emma M. Lion,book,googlebooks,5.0,Finished,tracked; rated; rated_high
50e7aa23-200a-43a3-82d0-c0296f450e46,The Unselected Journals of Emma M. Lion,book,googlebooks,5.0,Finished,tracked; rated; rated_high
50e7aa23-200a-43a3-82d0-c0296f450e46,The Unselected Journals of Emma M. Lion,book,googlebooks,5.0,Finished,tracked; rated; rated_high
50e7aa23-200a-43a3-82d0-c0296f450e46,The Unselected Journals of Emma M. Lion: Vol 4,book,googlebooks,5.0,Finished,tracked; rated; rated_high
50e7aa23-200a-43a3-82d0-c0296f450e46,The Unselected Journals of Emma M. Lion: Vol 5,book,googlebooks,5.0,Finished,tracked; rated; rated_high
50e7aa23-200a-43a3-82d0-c0296f450e46,The Unselected Journals of Emma M. Lion: Vol. 6,book,googlebooks,5.0,Finished,tracked; rated; rated_high
561f2c21-69e9-4282-bceb-51146a405ea3,1984,movie,tmdb,,Currently,tracked
561f2c21-69e9-4282-bceb-51146a405ea3,Aspire with Emma Grede,podcast,,,Startup Favs,tracked
561f2c21-69e9-4282-bceb-51146a405ea3,Backable,book,openlibrary,,Startup Favs,tracked
561f2c21-69e9-4282-bceb-51146a405ea3,Crash Landing on You,tv,tmdb,,Want To,tracked
561f2c21-69e9-4282-bceb-51146a405ea3,Emma,book,googlebooks,,Currently,tracked
561f2c21-69e9-4282-bceb-51146a405ea3,Friends,tv,,,Favorites,tracked
561f2c21-69e9-4282-bceb-51146a405ea3,Gilmore Girls,tv,tmdb,5.0,Favorites,tracked; rated; rated_high
561f2c21-69e9-4282-bceb-51146a405ea3,Hocus Pocus,movie,tmdb,,Want To,tracked
561f2c21-69e9-4282-bceb-51146a405ea3,Know What Matters,book,openlibrary,,Startup Favs,tracked
561f2c21-69e9-4282-bceb-51146a405ea3,Love Me Love Me,movie,tmdb,,Finished,tracked
561f2c21-69e9-4282-bceb-51146a405ea3,Marty Supreme,movie,tmdb,,Finished,tracked
561f2c21-69e9-4282-bceb-51146a405ea3,No One Saw Us Leave,tv,tmdb,4.0,Finished,tracked; rated; rated_high
561f2c21-69e9-4282-bceb-51146a405ea3,Parasite,movie,,,Favorites,tracked
561f2c21-69e9-4282-bceb-51146a405ea3,Selling Sunset,tv,tmdb,,Currently,tracked
561f2c21-69e9-4282-bceb-51146a405ea3,Selling the City,tv,tmdb,4.0,Finished,tracked; rated; rated_high
561f2c21-69e9-4282-bceb-51146a405ea3,The Art of Sarah,tv,tmdb,,Want To,tracked
561f2c21-69e9-4282-bceb-51146a405ea3,The Housemaid,movie,tmdb,,Finished,tracked
561f2c21-69e9-4282-bceb-51146a405ea3,The Night Agent,tv,tmdb,,Want To,tracked
561f2c21-69e9-4282-bceb-51146a405ea3,The Resident,tv,tmdb,,Currently,tracked
561f2c21-69e9-4282-bceb-51146a405ea3,The Startup Owners Manual,book,openlibrary,,Did Not Finish,tracked
561f2c21-69e9-4282-bceb-51146a405ea3,“Wuthering Heights”,movie,tmdb,,Finished,tracked
56bae5f8-0f4b-4eb5-a0ac-677227b4f8c5,Beth's Dead,podcast,itunes,,Currently,tracked
56bae5f8-0f4b-4eb5-a0ac-677227b4f8c5,Crazy Rich Asians,movie,tmdb,,Finished,tracked
56bae5f8-0f4b-4eb5-a0ac-677227b4f8c5,The Life Impossible,book,openlibrary,3.0,Finished,tracked; rated
56bae5f8-0f4b-4eb5-a0ac-677227b4f8c5,The Nightingale,book,openlibrary,,Finished,tracked
56bae5f8-0f4b-4eb5-a0ac-677227b4f8c5,The Silent Patient,book,openlibrary,,Finished,tracked
56bae5f8-0f4b-4eb5-a0ac-677227b4f8c5,Top Gun: Maverick,movie,tmdb,,Finished,tracked
56bae5f8-0f4b-4eb5-a0ac-677227b4f8c5,We Begin at the End,book,openlibrary,4.0,Finished,tracked; rated; rated_high
603c3b72-0133-4ed9-912a-49210721ad3a,Emma,movie,tmdb,4.0,Finished,tracked; rated; rated_high
603c3b72-0133-4ed9-912a-49210721ad3a,Unequal Affections,book,openlibrary,,Currently,tracked
61a4de25-91fa-45b8-8bbe-0678dd1ce7f9,Parks and Recreation,tv,tmdb,,Favorites,tracked
61c80614-cca7-4b59-aee9-cabb2cf72341,Knives Out,movie,tmdb,,Want To,tracked
61c80614-cca7-4b59-aee9-cabb2cf72341,Severance,tv,tmdb,,Favorites,tracked
61c80614-cca7-4b59-aee9-cabb2cf72341,Stranger Things,tv,tmdb,,Currently,tracked
6b9efde3-35f3-47e6-b1ca-71a6555ddb37,Dune,movie,tmdb,,Finished,tracked
6b9efde3-35f3-47e6-b1ca-71a6555ddb37,The Midnight Library,book,openlibrary,,Currently,tracked
6b9efde3-35f3-47e6-b1ca-71a6555ddb37,The Queen's Gambit,tv,tmdb,,Want To,tracked
76108f51-bfe5-4f75-b02f-646b370b24ca,Creed,movie,tmdb,,Currently,tracked
76108f51-bfe5-4f75-b02f-646b370b24ca,Time,music,spotify,,Finished,tracked
76d0cba3-ab11-48cb-b79a-f5b3d404a9bb,Wake Up Dead Man: A Knives Out Mystery,movie,tmdb,,Currently,tracked
7a7a0c3a-f2a4-47ed-b05d-1daf40d46d40,Come See Me in the Good Light,movie,tmdb,,Want To,tracked
7a7a0c3a-f2a4-47ed-b05d-1daf40d46d40,Hamnet,book,googlebooks,,Want To,tracked
7a7a0c3a-f2a4-47ed-b05d-1daf40d46d40,Pluribus,tv,tmdb,,Want To,tracked
7a7a0c3a-f2a4-47ed-b05d-1daf40d46d40,Rooster,tv,tmdb,,Currently,tracked
7e3adb7f-de90-463f-a26e-035264f7cac0,Silo,tv,tmdb,5.0,Currently,tracked; rated; rated_high
7ead7283-3144-4aa0-b6f3-3fa3b1351598,Moneyball,movie,tmdb,,Want To,tracked
7ead7283-3144-4aa0-b6f3-3fa3b1351598,War Machine,movie,tmdb,,Finished,tracked
8664124b-c4b5-46dc-b834-a2ff40309838,Chad Powers,tv,tmdb,,Want To,tracked
8664124b-c4b5-46dc-b834-a2ff40309838,Wednesday,tv,tmdb,,Want To,tracked
88bfb2a0-e8ce-4081-b731-2a49567ff093,A House of Dynamite,movie,tmdb,,Finished,tracked
88bfb2a0-e8ce-4081-b731-2a49567ff093,A Knight of the Seven Kingdoms,tv,tmdb,,Want To,tracked
88bfb2a0-e8ce-4081-b731-2a49567ff093,A Man Called Ove,mixed,openlibrary,2.0,Finished,tracked; rated
88bfb2a0-e8ce-4081-b731-2a49567ff093,A for Adley - Learning & Fun,youtube,youtube,,Family,tracked
88bfb2a0-e8ce-4081-b731-2a49567ff093,"ACQ2: Why Duolingo Worked (with Luis von Ahn, CEO)",youtube,youtube,4.0,Did Not Finish,tracked; rated; rated_high
88bfb2a0-e8ce-4081-b731-2a49567ff093,Age of Attraction,tv,tmdb,,Did Not Finish,tracked
88bfb2a0-e8ce-4081-b731-2a49567ff093,All Her Fault,tv,tmdb,5.0,Finished,tracked; rated; rated_high
88bfb2a0-e8ce-4081-b731-2a49567ff093,All's Fair,tv,tmdb,,Did Not Finish; Want To; Finished,tracked
88bfb2a0-e8ce-4081-b731-2a49567ff093,American Murder: The Family Next Door,movie,tmdb,3.0,Finished,tracked; rated
88bfb2a0-e8ce-4081-b731-2a49567ff093,Anne,movie,tmdb,,Finished,tracked
88bfb2a0-e8ce-4081-b731-2a49567ff093,Anne of Green Gables,book,openlibrary,,Finished,tracked
88bfb2a0-e8ce-4081-b731-2a49567ff093,Anne of Green Gables,tv,tmdb,,Want To,tracked
88bfb2a0-e8ce-4081-b731-2a49567ff093,Anne of Green Gables,tv,tmdb,,Books to Read To Kids; Finished,tracked
88bfb2a0-e8ce-4081-b731-2a49567ff093,Anne of Green Gables,book,googlebooks,,Finished,tracked
88bfb2a0-e8ce-4081-b731-2a49567ff093,Apex,movie,tmdb,,Finished,tracked
88bfb2a0-e8ce-4081-b731-2a49567ff093,Aspire with Emma Grede,podcast,itunes,,Startup Hype Girls; Favorites,tracked
88bfb2a0-e8ce-4081-b731-2a49567ff093,Atomic Habits,book,openlibrary,,Currently,tracked
88bfb2a0-e8ce-4081-b731-2a49567ff093,Backable,book,openlibrary,,Startup Favorites,tracked
88bfb2a0-e8ce-4081-b731-2a49567ff093,Beth's Dead,podcast,itunes,,Finished,tracked
88bfb2a0-e8ce-4081-b731-2a49567ff093,COWBOY,movie,tmdb,,Rocky Mountain awesome,tracked
88bfb2a0-e8ce-4081-b731-2a49567ff093,Chad Powers,tv,tmdb,,Want To,tracked
88bfb2a0-e8ce-4081-b731-2a49567ff093,Company Retreat,music,itunes,,Currently,tracked
88bfb2a0-e8ce-4081-b731-2a49567ff093,Crazy Rich Asians,movie,tmdb,5.0,Finished,tracked; rated; rated_high
88bfb2a0-e8ce-4081-b731-2a49567ff093,Crime 101,movie,tmdb,4.0,Want To,tracked; rated; rated_high
88bfb2a0-e8ce-4081-b731-2a49567ff093,Death by Lightning,tv,tmdb,,Want To,tracked
88bfb2a0-e8ce-4081-b731-2a49567ff093,Die Hard,movie,tmdb,,Favorites,tracked
88bfb2a0-e8ce-4081-b731-2a49567ff093,Doomsday,book,googlebooks,4.0,Want To,tracked; rated; rated_high
88bfb2a0-e8ce-4081-b731-2a49567ff093,Ella Enchanted,book,googlebooks,,Books to Read To Kids,tracked
88bfb2a0-e8ce-4081-b731-2a49567ff093,Ella McCay,movie,tmdb,,Want To,tracked
88bfb2a0-e8ce-4081-b731-2a49567ff093,Ever After,movie,tmdb,,Rom Com Movie Favs,tracked
88bfb2a0-e8ce-4081-b731-2a49567ff093,Everything Everywhere All at Once,movie,tmdb,,Finished,tracked
88bfb2a0-e8ce-4081-b731-2a49567ff093,Fair Game,movie,tmdb,,Favorites; Finished,tracked
88bfb2a0-e8ce-4081-b731-2a49567ff093,Family Experiment,book,openlibrary,,Finished,tracked
88bfb2a0-e8ce-4081-b731-2a49567ff093,Finding Harry: The Craft Behind the Magic,movie,tmdb,,Currently,tracked
88bfb2a0-e8ce-4081-b731-2a49567ff093,Fleabag,tv,tmdb,,Want To,tracked
88bfb2a0-e8ce-4081-b731-2a49567ff093,Frankenstein,movie,tmdb,,Did Not Finish,tracked
88bfb2a0-e8ce-4081-b731-2a49567ff093,Frankenweenie,movie,tmdb,,Finished,tracked
88bfb2a0-e8ce-4081-b731-2a49567ff093,Friends,tv,tmdb,,Currently,tracked
88bfb2a0-e8ce-4081-b731-2a49567ff093,Geek Girl,tv,tmdb,,Finished; Favorites,tracked
88bfb2a0-e8ce-4081-b731-2a49567ff093,Gilmore Girls,tv,tmdb,5.0,Finished; Favorites,tracked; rated; rated_high
88bfb2a0-e8ce-4081-b731-2a49567ff093,Glass Onion: A Knives Out Mystery,movie,tmdb,,Finished,tracked
88bfb2a0-e8ce-4081-b731-2a49567ff093,Godzilla vs. Kong,movie,tmdb,1.5,Finished,tracked; rated
88bfb2a0-e8ce-4081-b731-2a49567ff093,Golf,movie,tmdb,3.0,Did Not Finish,tracked; rated
88bfb2a0-e8ce-4081-b731-2a49567ff093,Gossip Girl,tv,tmdb,,Did Not Finish,tracked
88bfb2a0-e8ce-4081-b731-2a49567ff093,Grace and Frankie,tv,tmdb,5.0,Favorites,tracked; rated; rated_high
88bfb2a0-e8ce-4081-b731-2a49567ff093,Greenland,movie,tmdb,,Finished,tracked
88bfb2a0-e8ce-4081-b731-2a49567ff093,Greenland 2: Migration,movie,tmdb,,Want To,tracked
88bfb2a0-e8ce-4081-b731-2a49567ff093,Hamnet,movie,tmdb,,Finished,tracked
88bfb2a0-e8ce-4081-b731-2a49567ff093,Harry Potter Series,book,openlibrary,,Currently,tracked
88bfb2a0-e8ce-4081-b731-2a49567ff093,Harry Potter and the Deathly Hallows,book,openlibrary,,Favorites,tracked
88bfb2a0-e8ce-4081-b731-2a49567ff093,Harry Potter and the Deathly Hallows: Part 1,movie,tmdb,,Did Not Finish,tracked
88bfb2a0-e8ce-4081-b731-2a49567ff093,Heartland,book,googlebooks,,Rocky Mountain awesome,tracked
88bfb2a0-e8ce-4081-b731-2a49567ff093,Hidden Figures,movie,tmdb,5.0,Favorites,tracked; rated; rated_high
88bfb2a0-e8ce-4081-b731-2a49567ff093,Home Alone 2: Lost in New York,movie,tmdb,,Finished,tracked
88bfb2a0-e8ce-4081-b731-2a49567ff093,Hoppers,movie,tmdb,,Finished,tracked
88bfb2a0-e8ce-4081-b731-2a49567ff093,Imperfect Women,tv,tmdb,5.0,Want To,tracked; rated; rated_high
88bfb2a0-e8ce-4081-b731-2a49567ff093,It's a Wonderful Life,movie,tmdb,,Best Christmas Movies of All Time,tracked
88bfb2a0-e8ce-4081-b731-2a49567ff093,Jinx,tv,tmdb,,Want To,tracked
88bfb2a0-e8ce-4081-b731-2a49567ff093,Knives Out,movie,tmdb,,Finished,tracked
88bfb2a0-e8ce-4081-b731-2a49567ff093,Know What Matters,book,openlibrary,,Startup Favorites,tracked
88bfb2a0-e8ce-4081-b731-2a49567ff093,La La Land,movie,tmdb,,Finished; testing,tracked
88bfb2a0-e8ce-4081-b731-2a49567ff093,Les Miserables,movie,tmdb,,Favorites,tracked
88bfb2a0-e8ce-4081-b731-2a49567ff093,Little Fires Everywhere,mixed,tmdb,5.0,Finished,tracked; rated; rated_high
88bfb2a0-e8ce-4081-b731-2a49567ff093,Little Women,movie,tmdb,3.0,Finished; Want To,tracked; rated
88bfb2a0-e8ce-4081-b731-2a49567ff093,Love Haters,book,openlibrary,,Want To,tracked
88bfb2a0-e8ce-4081-b731-2a49567ff093,Love Trapped,podcast,itunes,,Want To,tracked
88bfb2a0-e8ce-4081-b731-2a49567ff093,Luca,movie,tmdb,,Family,tracked
88bfb2a0-e8ce-4081-b731-2a49567ff093,Lula Dean's Little Library of Banned Books,book,googlebooks,,Did Not Finish,tracked
88bfb2a0-e8ce-4081-b731-2a49567ff093,Marty Supreme,movie,tmdb,,Want To,tracked
88bfb2a0-e8ce-4081-b731-2a49567ff093,Me Before You,movie,tmdb,,Rom Com Movie Favs,tracked
88bfb2a0-e8ce-4081-b731-2a49567ff093,Mercy,movie,tmdb,,Want To,tracked
88bfb2a0-e8ce-4081-b731-2a49567ff093,Michael,movie,tmdb,,Finished,tracked
88bfb2a0-e8ce-4081-b731-2a49567ff093,Minecraft,book,googlebooks,4.0,Finished,tracked; rated; rated_high
88bfb2a0-e8ce-4081-b731-2a49567ff093,Miracle on 34th Street,movie,tmdb,,Best Christmas Movies of All Time,tracked
88bfb2a0-e8ce-4081-b731-2a49567ff093,Moneyball,movie,tmdb,4.0,Finished,tracked; rated; rated_high
88bfb2a0-e8ce-4081-b731-2a49567ff093,My Husband's Wife,book,googlebooks,4.0,Finished; Want To,tracked; rated; rated_high
88bfb2a0-e8ce-4081-b731-2a49567ff093,My husband's wife,book,openlibrary,,Want To,tracked
88bfb2a0-e8ce-4081-b731-2a49567ff093,Nail It then Scale It,book,openlibrary,,Did Not Finish,tracked
88bfb2a0-e8ce-4081-b731-2a49567ff093,Nate Bargatze: The Tennessee Kid,movie,tmdb,5.0,Finished,tracked; rated; rated_high
88bfb2a0-e8ce-4081-b731-2a49567ff093,Nobody Wants This,tv,tmdb,4.0,Favorites; Finished,tracked; rated; rated_high
88bfb2a0-e8ce-4081-b731-2a49567ff093,Normal People,tv,tmdb,,Want To,tracked
88bfb2a0-e8ce-4081-b731-2a49567ff093,Oh. What. Fun.,movie,tmdb,,Finished,tracked
88bfb2a0-e8ce-4081-b731-2a49567ff093,Oppenheimer,movie,tmdb,4.0,Favorites; Finished,tracked; rated; rated_high
88bfb2a0-e8ce-4081-b731-2a49567ff093,PAW Patrol,tv,tmdb,,Family,tracked
88bfb2a0-e8ce-4081-b731-2a49567ff093,PONIES,tv,tmdb,,Did Not Finish,tracked
88bfb2a0-e8ce-4081-b731-2a49567ff093,Parasite,movie,tmdb,,Finished,tracked
88bfb2a0-e8ce-4081-b731-2a49567ff093,People We Meet on Vacation,movie,tmdb,,Finished,tracked
88bfb2a0-e8ce-4081-b731-2a49567ff093,Percy Jackson & the Olympians: The Lightning Thief,movie,tmdb,,Did Not Finish,tracked
88bfb2a0-e8ce-4081-b731-2a49567ff093,Pride and Prejudice,book,googlebooks,,Favorites,tracked
88bfb2a0-e8ce-4081-b731-2a49567ff093,Primate,movie,tmdb,,Finished,tracked
88bfb2a0-e8ce-4081-b731-2a49567ff093,Project Hail Mary,movie,tmdb,,Want To,tracked
88bfb2a0-e8ce-4081-b731-2a49567ff093,Roofman,movie,tmdb,,Want To,tracked
88bfb2a0-e8ce-4081-b731-2a49567ff093,Rooster,tv,tmdb,4.0,Currently,tracked; rated; rated_high
88bfb2a0-e8ce-4081-b731-2a49567ff093,Running Point,tv,tmdb,,Currently,tracked
88bfb2a0-e8ce-4081-b731-2a49567ff093,Schitt's Creek,tv,tmdb,4.0,Finished,tracked; rated; rated_high
88bfb2a0-e8ce-4081-b731-2a49567ff093,Scrubs,tv,tmdb,,Finished,tracked
88bfb2a0-e8ce-4081-b731-2a49567ff093,Selling Sunset,tv,tmdb,4.0,Best Reality TV,tracked; rated; rated_high
88bfb2a0-e8ce-4081-b731-2a49567ff093,Send Help,movie,tmdb,,Want To,tracked
88bfb2a0-e8ce-4081-b731-2a49567ff093,Sense and Sensibility,movie,tmdb,5.0,Finished,tracked; rated; rated_high
88bfb2a0-e8ce-4081-b731-2a49567ff093,Severance,tv,tmdb,,Want To,tracked
88bfb2a0-e8ce-4081-b731-2a49567ff093,Shelter,movie,tmdb,,Want To,tracked
88bfb2a0-e8ce-4081-b731-2a49567ff093,Shoe Dog,book,googlebooks,5.0,Startup Favs,tracked; rated; rated_high
88bfb2a0-e8ce-4081-b731-2a49567ff093,Silo,tv,tmdb,,Finished,tracked
88bfb2a0-e8ce-4081-b731-2a49567ff093,Sweet Magnolias,tv,tmdb,,Finished,tracked
88bfb2a0-e8ce-4081-b731-2a49567ff093,Swiped,movie,tmdb,,Finished,tracked
88bfb2a0-e8ce-4081-b731-2a49567ff093,THE INTRUDER,book,openlibrary,,Want To,tracked
88bfb2a0-e8ce-4081-b731-2a49567ff093,THE TORTURED POETS DEPARTMENT,music,itunes,,Finished,tracked
88bfb2a0-e8ce-4081-b731-2a49567ff093,Tangled,movie,tmdb,4.0,Finished,tracked; rated; rated_high
88bfb2a0-e8ce-4081-b731-2a49567ff093,Task,tv,tmdb,2.0,Did Not Finish,tracked; rated
88bfb2a0-e8ce-4081-b731-2a49567ff093,Tell Me Lies,tv,tmdb,,Want To,tracked
88bfb2a0-e8ce-4081-b731-2a49567ff093,The American Revolution,tv,tmdb,3.0,Finished,tracked; rated
88bfb2a0-e8ce-4081-b731-2a49567ff093,The Aspire Playbook: Mark Cuban’s Day-1 Blueprint for Startup Success and How AI is Changing Entrepreneurship Forever,podcast,spotify,5.0,Startup Favorites,tracked; rated; rated_high
88bfb2a0-e8ce-4081-b731-2a49567ff093,The Asset,tv,tmdb,3.0,Finished,tracked; rated
88bfb2a0-e8ce-4081-b731-2a49567ff093,The Boxcar Children: Surprise Island,movie,tmdb,,Books to Read To Kids,tracked
88bfb2a0-e8ce-4081-b731-2a49567ff093,The Count of Monte Cristo,tv,tmdb,4.5,Finished,tracked; rated; rated_high
88bfb2a0-e8ce-4081-b731-2a49567ff093,The Covenant of Water (Oprah's Book Club),book,googlebooks,5.0,Finished; Want To,tracked; rated; rated_high
88bfb2a0-e8ce-4081-b731-2a49567ff093,The Crown,tv,tmdb,5.0,Favorites,tracked; rated; rated_high
88bfb2a0-e8ce-4081-b731-2a49567ff093,The Devil Wears Prada 2,movie,tmdb,,Finished,tracked
88bfb2a0-e8ce-4081-b731-2a49567ff093,The Diplomat,tv,tmdb,5.0,Finished; Favorites,tracked; rated; rated_high
88bfb2a0-e8ce-4081-b731-2a49567ff093,The FDE Playbook for AI Startups with Bob McGrew,youtube,youtube,,Did Not Finish,tracked
88bfb2a0-e8ce-4081-b731-2a49567ff093,The Forsytes,tv,tmdb,,Currently,tracked
88bfb2a0-e8ce-4081-b731-2a49567ff093,The Gilded Age,tv,tmdb,5.0,Favorites,tracked; rated; rated_high
88bfb2a0-e8ce-4081-b731-2a49567ff093,The Gilded Age,book,googlebooks,,Finished,tracked
88bfb2a0-e8ce-4081-b731-2a49567ff093,The Gilded Age,book,googlebooks,5.0,Favorites,tracked; rated; rated_high
88bfb2a0-e8ce-4081-b731-2a49567ff093,The Great British Baking Pod,podcast,itunes,,Did Not Finish,tracked
88bfb2a0-e8ce-4081-b731-2a49567ff093,The Great Flood,movie,tmdb,,Finished,tracked
88bfb2a0-e8ce-4081-b731-2a49567ff093,The Heir Apparent,book,googlebooks,,Currently,tracked
88bfb2a0-e8ce-4081-b731-2a49567ff093,The Holiday,movie,tmdb,,Rom Com Movie Favs; Test Collab List,tracked
88bfb2a0-e8ce-4081-b731-2a49567ff093,The Imitation Game,movie,tmdb,3.0,Finished,tracked; rated
88bfb2a0-e8ce-4081-b731-2a49567ff093,The Intern,movie,tmdb,,Test Collab List,tracked
88bfb2a0-e8ce-4081-b731-2a49567ff093,The Lean Startup,book,openlibrary,,Startup Favorites,tracked
88bfb2a0-e8ce-4081-b731-2a49567ff093,The Life of a Showgirl,music,itunes,,Finished,tracked
88bfb2a0-e8ce-4081-b731-2a49567ff093,The Life of a Showgirl - Track by Track,music,spotify,,Finished,tracked
88bfb2a0-e8ce-4081-b731-2a49567ff093,The Martian,book,openlibrary,5.0,Favorites,tracked; rated; rated_high
88bfb2a0-e8ce-4081-b731-2a49567ff093,The Marvelous Mrs. Maisel,tv,tmdb,,Did Not Finish,tracked
88bfb2a0-e8ce-4081-b731-2a49567ff093,The Night Agent,tv,tmdb,,Finished,tracked
88bfb2a0-e8ce-4081-b731-2a49567ff093,The Night Circus,book,openlibrary,,Did Not Finish,tracked
88bfb2a0-e8ce-4081-b731-2a49567ff093,The Night Manager,tv,tmdb,4.0,Finished,tracked; rated; rated_high
88bfb2a0-e8ce-4081-b731-2a49567ff093,The Night We Met (Deluxe Edition),book,openlibrary,,Want To,tracked
88bfb2a0-e8ce-4081-b731-2a49567ff093,The Only Plane in the Sky,mixed,googlebooks,0.5,Want To,tracked; rated
88bfb2a0-e8ce-4081-b731-2a49567ff093,The Paper,tv,tmdb,,Want To,tracked
88bfb2a0-e8ce-4081-b731-2a49567ff093,The Pitt,tv,tmdb,5.0,Finished; Favorites; Date Night,tracked; rated; rated_high
88bfb2a0-e8ce-4081-b731-2a49567ff093,The Proposal,movie,tmdb,,Rom Com Movie Favs,tracked
88bfb2a0-e8ce-4081-b731-2a49567ff093,The Queen's Gambit,tv,tmdb,5.0,Want To; Finished,tracked; rated; rated_high
88bfb2a0-e8ce-4081-b731-2a49567ff093,The Real Housewives of Salt Lake City,mixed,tmdb,,Want To,tracked
88bfb2a0-e8ce-4081-b731-2a49567ff093,The Resident,tv,tmdb,4.0,Finished,tracked; rated; rated_high
88bfb2a0-e8ce-4081-b731-2a49567ff093,The Revolutionary War,tv,tmdb,,Want To,tracked
88bfb2a0-e8ce-4081-b731-2a49567ff093,The Sound of Gravel,book,openlibrary,,Finished,tracked
88bfb2a0-e8ce-4081-b731-2a49567ff093,The Sound of Gravel,book,openlibrary,,Finished,tracked
88bfb2a0-e8ce-4081-b731-2a49567ff093,The Toast,podcast,itunes,5.0,Favorites,tracked; rated; rated_high
88bfb2a0-e8ce-4081-b731-2a49567ff093,The Traitors,tv,tmdb,4.0,Want To,tracked; rated; rated_high
88bfb2a0-e8ce-4081-b731-2a49567ff093,The Turnaround,movie,tmdb,5.0,Finished,tracked; rated; rated_high
88bfb2a0-e8ce-4081-b731-2a49567ff093,The Unselected Journals of Emma M. Lion,book,googlebooks,,Want To; Finished,tracked
88bfb2a0-e8ce-4081-b731-2a49567ff093,The Unselected Journals of Emma M. Lion,book,googlebooks,,Finished,tracked
88bfb2a0-e8ce-4081-b731-2a49567ff093,"The Unselected Journals of Emma M. Lion, vol. 1",book,googlebooks,5.0,Currently,tracked; rated; rated_high
88bfb2a0-e8ce-4081-b731-2a49567ff093,The Unselected Journals of Emma M. Lion: Vol 2,book,googlebooks,4.0,Want To; Finished,tracked; rated; rated_high
88bfb2a0-e8ce-4081-b731-2a49567ff093,The Unselected Journals of Emma M. Lion: Vol 3,book,googlebooks,,Currently,tracked
88bfb2a0-e8ce-4081-b731-2a49567ff093,The Unselected Journals of Emma M. Lion: Vol 4,book,googlebooks,,Want To,tracked
88bfb2a0-e8ce-4081-b731-2a49567ff093,The Unselected Journals of Emma M. Lion: Vol. 3,book,googlebooks,,Finished,tracked
88bfb2a0-e8ce-4081-b731-2a49567ff093,The Unselected Journals of Emma M. Lion: Vol. 5,book,googlebooks,5.0,Currently; Finished,tracked; rated; rated_high
88bfb2a0-e8ce-4081-b731-2a49567ff093,The Unselected Journals of Emma M. Lion: Vol. 6,book,googlebooks,,Currently,tracked
88bfb2a0-e8ce-4081-b731-2a49567ff093,The Woman at the Bar,podcast,itunes,,Finished,tracked
88bfb2a0-e8ce-4081-b731-2a49567ff093,To All the Boys I've Loved Before,movie,tmdb,5.0,Favorites,tracked; rated; rated_high
88bfb2a0-e8ce-4081-b731-2a49567ff093,Truth & Treason,movie,tmdb,4.0,Finished,tracked; rated; rated_high
88bfb2a0-e8ce-4081-b731-2a49567ff093,Venture Deals,book,googlebooks,,Want To,tracked
88bfb2a0-e8ce-4081-b731-2a49567ff093,Victoria,tv,tmdb,5.0,Finished,tracked; rated; rated_high
88bfb2a0-e8ce-4081-b731-2a49567ff093,War Machine,movie,tmdb,,Finished,tracked
88bfb2a0-e8ce-4081-b731-2a49567ff093,You've Got Mail,movie,tmdb,,Rom Com Movie Favs,tracked
88bfb2a0-e8ce-4081-b731-2a49567ff093,Young Sherlock,mixed,tmdb,5.0,Finished,tracked; rated; rated_high
88bfb2a0-e8ce-4081-b731-2a49567ff093,Young Woman And The Sea,book,googlebooks,,Did Not Finish; Finished,tracked
88bfb2a0-e8ce-4081-b731-2a49567ff093,Young Woman and the Sea,book,googlebooks,4.0,Finished,tracked; rated; rated_high
88bfb2a0-e8ce-4081-b731-2a49567ff093,Your Next Five Moves,book,openlibrary,,Startup Hype Girls,tracked
88bfb2a0-e8ce-4081-b731-2a49567ff093,Zootopia 2,movie,tmdb,,Finished,tracked
8bfec5d6-b593-474e-af04-d4a5c9d804c5,Moneyball,movie,tmdb,4.0,Finished,tracked; rated; rated_high
8bfec5d6-b593-474e-af04-d4a5c9d804c5,Project Hail Mary,book,openlibrary,4.0,Finished,tracked; rated; rated_high
8bfec5d6-b593-474e-af04-d4a5c9d804c5,Shoe Dog,mixed,googlebooks,,Finished,tracked
8bfec5d6-b593-474e-af04-d4a5c9d804c5,The Hunger Games Trilogy,book,googlebooks,,Currently,tracked
8bfec5d6-b593-474e-af04-d4a5c9d804c5,The Traitors,tv,tmdb,,Want To,tracked
8bfec5d6-b593-474e-af04-d4a5c9d804c5,The Unselected Journals of Emma M. Lion: Vol 3,book,googlebooks,,Currently,tracked
8bfec5d6-b593-474e-af04-d4a5c9d804c5,The Unselected Journals of Emma M. Lion: Vol. 5,mixed,googlebooks,,Want To,tracked
8ed1767b-afd7-4fdd-9fd7-58ce4f8ddcb0,Good Fortune,movie,tmdb,,Finished,tracked
8ed1767b-afd7-4fdd-9fd7-58ce4f8ddcb0,Hubie Halloween,movie,tmdb,,Finished,tracked
8ed1767b-afd7-4fdd-9fd7-58ce4f8ddcb0,M3GAN 2.0,movie,tmdb,,Finished,tracked
8ed1767b-afd7-4fdd-9fd7-58ce4f8ddcb0,Predator: Badlands,movie,tmdb,4.0,Finished,tracked; rated; rated_high
8ed1767b-afd7-4fdd-9fd7-58ce4f8ddcb0,Roofman,movie,tmdb,,Finished,tracked
8ed1767b-afd7-4fdd-9fd7-58ce4f8ddcb0,The Curse of Bridge Hollow,movie,tmdb,3.0,Finished,tracked; rated
8ed1767b-afd7-4fdd-9fd7-58ce4f8ddcb0,The Haunted Mansion,movie,tmdb,,Finished,tracked
965987ac-52c5-4544-8918-4c1fa214bab3,Nobody Wants This,tv,tmdb,,Currently,tracked
9e5ab0fd-ed01-454f-9ebf-d8f98fe1467d,All Her Fault,tv,tmdb,5.0,Finished,tracked; rated; rated_high
9efced81-07a1-4040-9aff-8771748933ee,Caste: The Origins of Our Discontents,book,tmdb,,Finished,tracked
9efced81-07a1-4040-9aff-8771748933ee,Just Mercy,book,openlibrary,,Currently,tracked
9efced81-07a1-4040-9aff-8771748933ee,Long Walk to Freedom,book,openlibrary,,Want To,tracked
9efced81-07a1-4040-9aff-8771748933ee,Nobody Wants This,tv,tmdb,4.0,Finished,tracked; rated; rated_high
9efced81-07a1-4040-9aff-8771748933ee,Single's Inferno,tv,tmdb,,Currently,tracked
9efced81-07a1-4040-9aff-8771748933ee,Starting 5,tv,tmdb,,Currently,tracked
9efced81-07a1-4040-9aff-8771748933ee,The Reason I Jump One Boys Voice From The Silence Of Autism,book,openlibrary,4.0,Finished,tracked; rated; rated_high
9efced81-07a1-4040-9aff-8771748933ee,To Kill a Mockingbird,book,tmdb,,Finished,tracked
a272a510-01a2-42d2-8e03-b198dfd601aa,Brooklyn Nine-Nine,tv,tmdb,5.0,Favorites,tracked; rated; rated_high
a272a510-01a2-42d2-8e03-b198dfd601aa,Justified,tv,tmdb,5.0,Favorites,tracked; rated; rated_high
a272a510-01a2-42d2-8e03-b198dfd601aa,Last Week Tonight with John Oliver,tv,tmdb,,Currently,tracked
a272a510-01a2-42d2-8e03-b198dfd601aa,Late Night with Seth Meyers,tv,tmdb,,Currently,tracked
a272a510-01a2-42d2-8e03-b198dfd601aa,Parks and Recreation,tv,tmdb,5.0,Favorites,tracked; rated; rated_high
a272a510-01a2-42d2-8e03-b198dfd601aa,Slow Horses,tv,tmdb,,Currently,tracked
a272a510-01a2-42d2-8e03-b198dfd601aa,Star Trek: Deep Space Nine,tv,tmdb,5.0,Favorites,tracked; rated; rated_high
a272a510-01a2-42d2-8e03-b198dfd601aa,The Lonely Island and Seth Meyers Podcast,podcast,itunes,,Currently,tracked
a468f3e8-4ba7-4e52-b040-56b057195937,I Capture the Castle,book,openlibrary,5.0,Finished,tracked; rated; rated_high
a468f3e8-4ba7-4e52-b040-56b057195937,O Caledonia,book,googlebooks,,Currently,tracked
a468f3e8-4ba7-4e52-b040-56b057195937,The Secret History,book,openlibrary,2.0,Finished,tracked; rated
a5896cf9-57fa-412a-8cd9-88bbd9f6dc5f,The Chair Company,tv,tmdb,,Currently,tracked
abdafc88-4d88-4086-a825-177e9ea54a76,A Big Bold Beautiful Journey,movie,tmdb,2.0,Finished,tracked; rated
abdafc88-4d88-4086-a825-177e9ea54a76,All Her Fault,tv,tmdb,3.0,Finished,tracked; rated
abdafc88-4d88-4086-a825-177e9ea54a76,Bugonia,movie,tmdb,4.0,Finished,tracked; rated; rated_high
abdafc88-4d88-4086-a825-177e9ea54a76,Die My Love,movie,tmdb,,Finished,tracked
abdafc88-4d88-4086-a825-177e9ea54a76,Eternity,movie,tmdb,,Finished,tracked
abdafc88-4d88-4086-a825-177e9ea54a76,Good Fortune,movie,tmdb,3.0,Finished,tracked; rated
abdafc88-4d88-4086-a825-177e9ea54a76,Nuremberg,movie,tmdb,4.0,Finished,tracked; rated; rated_high
abdafc88-4d88-4086-a825-177e9ea54a76,"Oh, Hi!",movie,tmdb,4.0,Finished,tracked; rated; rated_high
abdafc88-4d88-4086-a825-177e9ea54a76,One Battle After Another,movie,tmdb,4.0,Finished,tracked; rated; rated_high
abdafc88-4d88-4086-a825-177e9ea54a76,Regretting You,movie,tmdb,2.0,Finished,tracked; rated
abdafc88-4d88-4086-a825-177e9ea54a76,Rental Family,movie,tmdb,,Finished,tracked
abdafc88-4d88-4086-a825-177e9ea54a76,Roofman,movie,tmdb,3.0,Finished,tracked; rated
abdafc88-4d88-4086-a825-177e9ea54a76,Satisfied,movie,tmdb,3.0,Finished,tracked; rated
abdafc88-4d88-4086-a825-177e9ea54a76,"Sorry, Baby",movie,tmdb,4.0,Finished,tracked; rated; rated_high
abdafc88-4d88-4086-a825-177e9ea54a76,Stranger Things,tv,tmdb,,Did Not Finish,tracked
abdafc88-4d88-4086-a825-177e9ea54a76,Superman,movie,tmdb,4.0,Finished,tracked; rated; rated_high
abdafc88-4d88-4086-a825-177e9ea54a76,The Fantastic 4: First Steps,movie,tmdb,3.0,Finished,tracked; rated
abdafc88-4d88-4086-a825-177e9ea54a76,The Retrievals,podcast,itunes,,Want To,tracked
abdafc88-4d88-4086-a825-177e9ea54a76,The Silent Patient,book,openlibrary,4.0,Finished,tracked; rated; rated_high
abdafc88-4d88-4086-a825-177e9ea54a76,Weapons,movie,tmdb,2.0,Finished,tracked; rated
abdafc88-4d88-4086-a825-177e9ea54a76,Wicked: For Good,movie,tmdb,,Finished,tracked
ada8defb-1864-44fa-9b24-2848bf24447f,Mercy,movie,tmdb,,Finished,tracked
af5c211f-f0d0-4a99-84f8-006568a15730,Arcane Kingdom Online,book,openlibrary,,Finished,tracked
af5c211f-f0d0-4a99-84f8-006568a15730,Bioshock - Rapture,book,openlibrary,,Finished,tracked
af5c211f-f0d0-4a99-84f8-006568a15730,Black Mirror,tv,tmdb,,Finished,tracked
af5c211f-f0d0-4a99-84f8-006568a15730,Blade Runner 2049,movie,tmdb,4.0,Finished,tracked; rated; rated_high
af5c211f-f0d0-4a99-84f8-006568a15730,Dan Da Dan,tv,tmdb,,Currently,tracked
af5c211f-f0d0-4a99-84f8-006568a15730,Data Over Dogma,podcast,itunes,,Currently; Want To,tracked
af5c211f-f0d0-4a99-84f8-006568a15730,Elden Ring,game,tmdb,,Did Not Finish,tracked
af5c211f-f0d0-4a99-84f8-006568a15730,Fallout,tv,tmdb,,Finished,tracked
af5c211f-f0d0-4a99-84f8-006568a15730,Fallout: New Vegas,game,rawg,,Finished,tracked
af5c211f-f0d0-4a99-84f8-006568a15730,Frankenstein,movie,tmdb,5.0,Finished; Want To,tracked; rated; rated_high
af5c211f-f0d0-4a99-84f8-006568a15730,Ghost of Tsushima,mixed,,,Want To,tracked
af5c211f-f0d0-4a99-84f8-006568a15730,Godzilla Minus One,movie,tmdb,,Finished,tracked
af5c211f-f0d0-4a99-84f8-006568a15730,Hench,book,googlebooks,3.0,Currently,tracked; rated
af5c211f-f0d0-4a99-84f8-006568a15730,I Am Not Okay with This,tv,tmdb,,Finished,tracked
af5c211f-f0d0-4a99-84f8-006568a15730,INVINCIBLE,tv,tmdb,,Currently,tracked
af5c211f-f0d0-4a99-84f8-006568a15730,IT: Welcome to Derry,tv,tmdb,,Want To,tracked
af5c211f-f0d0-4a99-84f8-006568a15730,Inception,movie,tmdb,,Finished,tracked
af5c211f-f0d0-4a99-84f8-006568a15730,Interstellar,movie,tmdb,5.0,Finished,tracked; rated; rated_high
af5c211f-f0d0-4a99-84f8-006568a15730,Kamen Rider Black Sun,tv,tmdb,5.0,Currently,tracked; rated; rated_high
af5c211f-f0d0-4a99-84f8-006568a15730,Kamen Rider ZEZTZ,tv,tmdb,,Currently,tracked
af5c211f-f0d0-4a99-84f8-006568a15730,"Love, Death & Robots",tv,tmdb,,Currently; Want To,tracked
af5c211f-f0d0-4a99-84f8-006568a15730,Mistborn: The Final Empire,movie,tmdb,5.0,Finished; Favorites,tracked; rated; rated_high
af5c211f-f0d0-4a99-84f8-006568a15730,Naruto Shippūden,tv,tmdb,,Currently,tracked
af5c211f-f0d0-4a99-84f8-006568a15730,Nathan for You,tv,tmdb,,Finished,tracked
af5c211f-f0d0-4a99-84f8-006568a15730,One Piece,tv,tmdb,5.0,Currently; Want To,tracked; rated; rated_high
af5c211f-f0d0-4a99-84f8-006568a15730,One-Punch Man,tv,tmdb,,Finished,tracked
af5c211f-f0d0-4a99-84f8-006568a15730,Persona 5,game,rawg,,Want To,tracked
af5c211f-f0d0-4a99-84f8-006568a15730,Questland,book,openlibrary,,Finished,tracked
af5c211f-f0d0-4a99-84f8-006568a15730,Record of Ragnarok,tv,tmdb,,Currently,tracked
af5c211f-f0d0-4a99-84f8-006568a15730,SPY x FAMILY,tv,tmdb,,Did Not Finish,tracked
af5c211f-f0d0-4a99-84f8-006568a15730,Sanderson's Mistborn: Shadows of Self,book,openlibrary,,Finished,tracked
af5c211f-f0d0-4a99-84f8-006568a15730,Scavengers Reign,tv,tmdb,,Finished,tracked
af5c211f-f0d0-4a99-84f8-006568a15730,Shin Kamen Rider,movie,tmdb,,Currently,tracked
af5c211f-f0d0-4a99-84f8-006568a15730,Star Trek: Strange New Worlds,tv,tmdb,,Did Not Finish,tracked
af5c211f-f0d0-4a99-84f8-006568a15730,Star Wars: Visions,tv,tmdb,,Want To,tracked
af5c211f-f0d0-4a99-84f8-006568a15730,Story Break,podcast,itunes,,Currently,tracked
af5c211f-f0d0-4a99-84f8-006568a15730,Stranger Things,tv,tmdb,,Finished,tracked
af5c211f-f0d0-4a99-84f8-006568a15730,The Bobiverse,book,googlebooks,,Finished,tracked
af5c211f-f0d0-4a99-84f8-006568a15730,The Boys,tv,tmdb,4.0,Finished,tracked; rated; rated_high
af5c211f-f0d0-4a99-84f8-006568a15730,The Expanse,tv,tmdb,5.0,Currently,tracked; rated; rated_high
af5c211f-f0d0-4a99-84f8-006568a15730,The Matrix,movie,tmdb,,Finished,tracked
af5c211f-f0d0-4a99-84f8-006568a15730,The Witcher,tv,tmdb,,Did Not Finish,tracked
af5c211f-f0d0-4a99-84f8-006568a15730,The Witcher 3: Wild Hunt,mixed,,,Did Not Finish,tracked
af5c211f-f0d0-4a99-84f8-006568a15730,Weapons,movie,tmdb,,Finished,tracked
af5c211f-f0d0-4a99-84f8-006568a15730,Why Not Us?,movie,tmdb,4.0,Finished,tracked; rated; rated_high
af5c211f-f0d0-4a99-84f8-006568a15730,Wicked: For Good,movie,tmdb,,Finished,tracked
af5c211f-f0d0-4a99-84f8-006568a15730,Zelda: Tears of the Kingdom,game,tmdb,,Finished,tracked
afdb35f6-55a9-46cb-bbb2-c9c1a62c382a,Breaking Bad,tv,tmdb,,Did Not Finish,tracked
afdb35f6-55a9-46cb-bbb2-c9c1a62c382a,Derry Girls,tv,tmdb,5.0,Finished,tracked; rated; rated_high
afdb35f6-55a9-46cb-bbb2-c9c1a62c382a,Succession,tv,tmdb,,Currently,tracked
afdb35f6-55a9-46cb-bbb2-c9c1a62c382a,The Great Gatsby,book,openlibrary,,Finished,tracked
b0c5e33e-331b-44f0-9d2f-fc3e5e595d15,Eternal Ruin,book,googlebooks,,Currently,tracked
b0c5e33e-331b-44f0-9d2f-fc3e5e595d15,Hurricane,music,itunes,5.0,Finished,tracked; rated; rated_high
b0c5e33e-331b-44f0-9d2f-fc3e5e595d15,Immortal Dark Trilogy : Immortal Dark,book,openlibrary,4.0,Finished,tracked; rated; rated_high
b0c5e33e-331b-44f0-9d2f-fc3e5e595d15,Ocean's Thirteen,movie,tmdb,5.0,Finished,tracked; rated; rated_high
b0c5e33e-331b-44f0-9d2f-fc3e5e595d15,One Number Away,music,itunes,4.0,Finished,tracked; rated; rated_high
b0c5e33e-331b-44f0-9d2f-fc3e5e595d15,The Maid and the Crocodile,book,googlebooks,,Currently,tracked
b0c5e33e-331b-44f0-9d2f-fc3e5e595d15,The Maybe Man,music,itunes,4.0,Finished,tracked; rated; rated_high
b0c5e33e-331b-44f0-9d2f-fc3e5e595d15,Weak,music,itunes,,Finished,tracked
b0c5e33e-331b-44f0-9d2f-fc3e5e595d15,What Everyone's Thinking - EP,music,itunes,3.0,Finished,tracked; rated
b287422e-5536-4488-85a0-556c36fee539,Don't Believe Everything You Think,book,googlebooks,5.0,Finished,tracked; rated; rated_high
b287422e-5536-4488-85a0-556c36fee539,The Gifts of Imperfection,book,googlebooks,,Currently; Finished,tracked
b287422e-5536-4488-85a0-556c36fee539,The Only Plane in the Sky,book,googlebooks,,Currently,tracked
b287422e-5536-4488-85a0-556c36fee539,The Toast Theme Song,music,itunes,,Finished,tracked
b287422e-5536-4488-85a0-556c36fee539,Trust Me: The False Prophet,tv,tmdb,5.0,Finished,tracked; rated; rated_high
c2c9a8bd-81d1-47cc-a74b-22d860723049,It,movie,tmdb,,Currently,tracked
cb54e43c-bfae-495f-8b76-c99eb3ce7962,The Office,tv,tmdb,,Finished,tracked
cea1c0e7-8b37-4c31-9a09-e46c78d4ddc7,28 Years Later: The Bone Temple,movie,tmdb,,Finished,tracked
cea1c0e7-8b37-4c31-9a09-e46c78d4ddc7,A Knight of the Seven Kingdoms,tv,tmdb,,Want To,tracked
cea1c0e7-8b37-4c31-9a09-e46c78d4ddc7,Fallout,tv,tmdb,,Want To,tracked
cea1c0e7-8b37-4c31-9a09-e46c78d4ddc7,Marty Supreme,movie,tmdb,,Finished,tracked
cea1c0e7-8b37-4c31-9a09-e46c78d4ddc7,Mercy,movie,tmdb,,Finished,tracked
cea1c0e7-8b37-4c31-9a09-e46c78d4ddc7,Now You See Me: Now You Don't,movie,tmdb,,Finished,tracked
cea1c0e7-8b37-4c31-9a09-e46c78d4ddc7,Predator: Badlands,movie,tmdb,,Finished,tracked
cea1c0e7-8b37-4c31-9a09-e46c78d4ddc7,Primate,movie,tmdb,,Finished,tracked
cea1c0e7-8b37-4c31-9a09-e46c78d4ddc7,Scream 7,movie,tmdb,,Finished,tracked
cea1c0e7-8b37-4c31-9a09-e46c78d4ddc7,Send Help,movie,tmdb,,Lester's Little List,tracked
cea1c0e7-8b37-4c31-9a09-e46c78d4ddc7,Star Trek: Starfleet Academy,tv,tmdb,,Want To,tracked
cea1c0e7-8b37-4c31-9a09-e46c78d4ddc7,Stranger Things,tv,tmdb,,Finished,tracked
cea1c0e7-8b37-4c31-9a09-e46c78d4ddc7,The Pitt,tv,tmdb,,Want To,tracked
cea1c0e7-8b37-4c31-9a09-e46c78d4ddc7,Twisters,movie,tmdb,,Lester's Little List,tracked
d8e333c1-3cd3-482b-8a57-a32270d03d3e,Church History Matters,podcast,itunes,,Finished,tracked
d8e333c1-3cd3-482b-8a57-a32270d03d3e,Escape from Germany,movie,tmdb,5.0,Favorites; Finished,tracked; rated; rated_high
d8e333c1-3cd3-482b-8a57-a32270d03d3e,Helping of Happiness,podcast,itunes,5.0,Finished,tracked; rated; rated_high
d8e333c1-3cd3-482b-8a57-a32270d03d3e,It's a Wonderful Life,movie,tmdb,5.0,Finished; Favorites,tracked; rated; rated_high
d8e333c1-3cd3-482b-8a57-a32270d03d3e,Mere Christianity,book,googlebooks,,Currently,tracked
d8e333c1-3cd3-482b-8a57-a32270d03d3e,Ordinary Angels,movie,tmdb,,Finished,tracked
d8e333c1-3cd3-482b-8a57-a32270d03d3e,Radiance of the Ordinary,book,googlebooks,,Currently,tracked
d8e333c1-3cd3-482b-8a57-a32270d03d3e,Saint behind enemy lines,book,openlibrary,,Finished,tracked
d8e333c1-3cd3-482b-8a57-a32270d03d3e,Strangers in Time,book,googlebooks,4.0,Finished,tracked; rated; rated_high
d8e333c1-3cd3-482b-8a57-a32270d03d3e,"The Unselected Journals of Emma M. Lion, vol. 3",book,googlebooks,5.0,Finished; Currently,tracked; rated; rated_high
da467a4b-d188-492b-ac4b-ebd0b265aeb7,Tell Me Lies,tv,tmdb,5.0,Finished,tracked; rated; rated_high
da467a4b-d188-492b-ac4b-ebd0b265aeb7,The Life of a Showgirl,music,itunes,,Finished,tracked
da467a4b-d188-492b-ac4b-ebd0b265aeb7,The Pitt,tv,tmdb,,Currently,tracked
da624258-ecec-4a73-b0a0-22062b81b7c3,Interstellar,movie,tmdb,,Finished,tracked
dcbf7e94-7f07-45d3-9007-ebcecb271069,Hoppers,movie,tmdb,5.0,Finished,tracked; rated; rated_high
dcbf7e94-7f07-45d3-9007-ebcecb271069,The Silent Patient,book,googlebooks,,Finished,tracked
dcbf7e94-7f07-45d3-9007-ebcecb271069,Thunderbolts*,movie,tmdb,5.0,Finished,tracked; rated; rated_high
dd702302-8e1a-4184-9323-909edd21b5ef,Friends,tv,tmdb,5.0,Finished,tracked; rated; rated_high
dd702302-8e1a-4184-9323-909edd21b5ef,Parasite,movie,tmdb,,Finished,tracked
dd702302-8e1a-4184-9323-909edd21b5ef,Southern Charm,tv,tmdb,,Finished,tracked
dd702302-8e1a-4184-9323-909edd21b5ef,The Diplomat,tv,tmdb,,Finished,tracked
dd702302-8e1a-4184-9323-909edd21b5ef,The Joe Rogan Experience,mixed,,,Currently,tracked
dd702302-8e1a-4184-9323-909edd21b5ef,The Queen's Gambit,tv,tmdb,,Finished,tracked
e872d37d-ddc5-40ca-b101-4aed63e4ff7c,Alone,tv,tmdb,,Did Not Finish,tracked
e872d37d-ddc5-40ca-b101-4aed63e4ff7c,Castaway,movie,tmdb,5.0,Finished,tracked; rated; rated_high
e872d37d-ddc5-40ca-b101-4aed63e4ff7c,Christmas with the Kranks,movie,tmdb,5.0,Favorites,tracked; rated; rated_high
e872d37d-ddc5-40ca-b101-4aed63e4ff7c,Enola Holmes,movie,tmdb,5.0,Favorites,tracked; rated; rated_high
e872d37d-ddc5-40ca-b101-4aed63e4ff7c,Friends,tv,tmdb,,Finished,tracked
e872d37d-ddc5-40ca-b101-4aed63e4ff7c,Mission: Impossible III,movie,tmdb,5.0,Favorites,tracked; rated; rated_high
e872d37d-ddc5-40ca-b101-4aed63e4ff7c,My Lady Jane,book,openlibrary,,Want To,tracked
e872d37d-ddc5-40ca-b101-4aed63e4ff7c,Nate Bargatze: The Tennessee Kid,movie,tmdb,5.0,Finished,tracked; rated; rated_high
e872d37d-ddc5-40ca-b101-4aed63e4ff7c,On Fire with Jeff Probst: The Official Survivor Podcast,podcast,itunes,,Favorites,tracked
e872d37d-ddc5-40ca-b101-4aed63e4ff7c,Project Hail Mary,book,googlebooks,5.0,Finished,tracked; rated; rated_high
e872d37d-ddc5-40ca-b101-4aed63e4ff7c,Slow Horses,tv,tmdb,,Currently,tracked
e872d37d-ddc5-40ca-b101-4aed63e4ff7c,Survivor: The Official Podcast,mixed,,,Currently,tracked
e872d37d-ddc5-40ca-b101-4aed63e4ff7c,TRON: Ares,movie,tmdb,,Finished,tracked
e872d37d-ddc5-40ca-b101-4aed63e4ff7c,The Aspire Playbook: Mark Cuban’s Day-1 Blueprint for Startup Success and How AI is Changing Entrepreneurship Forever,podcast,spotify,5.0,Finished,tracked; rated; rated_high
e872d37d-ddc5-40ca-b101-4aed63e4ff7c,The Unselected Journals of Emma M. Lion,book,googlebooks,5.0,Currently,tracked; rated; rated_high
e872d37d-ddc5-40ca-b101-4aed63e4ff7c,The Wretched of Muirwood,book,googlebooks,5.0,Finished,tracked; rated; rated_high
e872d37d-ddc5-40ca-b101-4aed63e4ff7c,The artist's way,book,openlibrary,5.0,Currently,tracked; rated; rated_high
e872d37d-ddc5-40ca-b101-4aed63e4ff7c,Wicked,movie,tmdb,5.0,Favorites,tracked; rated; rated_high
e872d37d-ddc5-40ca-b101-4aed63e4ff7c,Wicked: For Good,movie,tmdb,,Want To,tracked
e872d37d-ddc5-40ca-b101-4aed63e4ff7c,Wonder Man,tv,tmdb,4.0,Finished,tracked; rated; rated_high
e872d37d-ddc5-40ca-b101-4aed63e4ff7c,Wonka,movie,tmdb,5.0,Favorites,tracked; rated; rated_high
ec17bdff-9268-4505-97a9-007447556ad5,Harry Potter and the Philosopher's Stone,book,openlibrary,5.0,Favorites,tracked; rated; rated_high
f2245c7b-f93b-4f11-8ceb-5b4f9c334f6c,Breaking Bad,tv,tmdb,,Finished,tracked
f2245c7b-f93b-4f11-8ceb-5b4f9c334f6c,Dune,book,openlibrary,,Finished,tracked
f2245c7b-f93b-4f11-8ceb-5b4f9c334f6c,Friends,tv,tmdb,,Finished,tracked
f2245c7b-f93b-4f11-8ceb-5b4f9c334f6c,INVINCIBLE,tv,tmdb,,Finished,tracked
f2245c7b-f93b-4f11-8ceb-5b4f9c334f6c,Inferno,book,openlibrary,,Finished,tracked
f2245c7b-f93b-4f11-8ceb-5b4f9c334f6c,Law & Order,tv,tmdb,,Finished,tracked
f2245c7b-f93b-4f11-8ceb-5b4f9c334f6c,Sex Education,tv,tmdb,,Finished,tracked
f2245c7b-f93b-4f11-8ceb-5b4f9c334f6c,Shutter Island,movie,tmdb,,Finished,tracked
f2245c7b-f93b-4f11-8ceb-5b4f9c334f6c,Squid Game,tv,tmdb,,Finished,tracked
f2245c7b-f93b-4f11-8ceb-5b4f9c334f6c,The Boys,tv,tmdb,,Currently; Finished,tracked
f2245c7b-f93b-4f11-8ceb-5b4f9c334f6c,The Dark Knight Rises,movie,tmdb,,Finished,tracked
f2245c7b-f93b-4f11-8ceb-5b4f9c334f6c,Wednesday,tv,tmdb,,Finished,tracked
fa6d73af-da96-494b-b8ee-33d059bed7d5,Anxious People,book,openlibrary,5.0,Finished,tracked; rated; rated_high
fa6d73af-da96-494b-b8ee-33d059bed7d5,Anxious People,book,googlebooks,4.5,Finished,tracked; rated; rated_high
fa6d73af-da96-494b-b8ee-33d059bed7d5,Believable: The Coco Berthmann Story,podcast,itunes,3.0,Finished,tracked; rated
fa6d73af-da96-494b-b8ee-33d059bed7d5,Black Notice,book,googlebooks,3.0,Finished,tracked; rated
fa6d73af-da96-494b-b8ee-33d059bed7d5,Blue Bloods,tv,tmdb,3.0,Did Not Finish,tracked; rated
fa6d73af-da96-494b-b8ee-33d059bed7d5,Body of Evidence,book,googlebooks,3.0,Finished,tracked; rated
fa6d73af-da96-494b-b8ee-33d059bed7d5,Coat of Many Colors,music,itunes,,Favorites,tracked
fa6d73af-da96-494b-b8ee-33d059bed7d5,Dr. Mario,game,rawg,,Favorites,tracked
fa6d73af-da96-494b-b8ee-33d059bed7d5,From Potter's Field,book,googlebooks,2.5,Finished,tracked; rated
fa6d73af-da96-494b-b8ee-33d059bed7d5,Gardens of Evil: Inside the Zion Society Cult,podcast,itunes,3.0,Finished,tracked; rated
fa6d73af-da96-494b-b8ee-33d059bed7d5,Hocus Pocus,movie,tmdb,,Finished; Want To,tracked
fa6d73af-da96-494b-b8ee-33d059bed7d5,I Will Always Love You,music,itunes,,Finished,tracked
fa6d73af-da96-494b-b8ee-33d059bed7d5,Judge John Hodgman,podcast,itunes,,Currently,tracked
fa6d73af-da96-494b-b8ee-33d059bed7d5,Knives Out,movie,tmdb,4.0,Finished,tracked; rated; rated_high
fa6d73af-da96-494b-b8ee-33d059bed7d5,Law & Order: Special Victims Unit,tv,tmdb,,Favorites; Want To; Finished,tracked
fa6d73af-da96-494b-b8ee-33d059bed7d5,Major Crimes,tv,tmdb,3.5,Finished,tracked; rated
fa6d73af-da96-494b-b8ee-33d059bed7d5,Medium,tv,tmdb,3.0,Finished,tracked; rated
fa6d73af-da96-494b-b8ee-33d059bed7d5,"My Brother, My Brother And Me",podcast,itunes,,Currently,tracked
fa6d73af-da96-494b-b8ee-33d059bed7d5,My Favorite Murder with Karen Kilgariff and Georgia Hardstark,podcast,itunes,,Currently,tracked
fa6d73af-da96-494b-b8ee-33d059bed7d5,My Friends,book,googlebooks,5.0,Finished,tracked; rated; rated_high
fa6d73af-da96-494b-b8ee-33d059bed7d5,Nobody Listens to Paula Poundstone,podcast,itunes,,Currently,tracked
fa6d73af-da96-494b-b8ee-33d059bed7d5,Old Man's War,book,openlibrary,,Finished,tracked
fa6d73af-da96-494b-b8ee-33d059bed7d5,Only Murders in the Building,TV Show,tmdb,2.5,Finished,tracked; rated
fa6d73af-da96-494b-b8ee-33d059bed7d5,Postmortem,book,googlebooks,3.0,Finished,tracked; rated
fa6d73af-da96-494b-b8ee-33d059bed7d5,RED RISING,book,openlibrary,5.0,Finished; Did Not Finish,tracked; rated; rated_high
fa6d73af-da96-494b-b8ee-33d059bed7d5,Redshirts,Book,tmdb,,Finished,tracked
fa6d73af-da96-494b-b8ee-33d059bed7d5,Rhinestone,movie,tmdb,,Finished,tracked
fa6d73af-da96-494b-b8ee-33d059bed7d5,Sawbones: A Marital Tour of Misguided Medicine,podcast,itunes,,Currently,tracked
fa6d73af-da96-494b-b8ee-33d059bed7d5,Scarpetta,tv,tmdb,,Want To,tracked
fa6d73af-da96-494b-b8ee-33d059bed7d5,Scarpetta,book,googlebooks,3.0,Finished,tracked; rated
fa6d73af-da96-494b-b8ee-33d059bed7d5,Serial,mixed,,,Finished,tracked
fa6d73af-da96-494b-b8ee-33d059bed7d5,Sister Act,movie,tmdb,,Favorites,tracked
fa6d73af-da96-494b-b8ee-33d059bed7d5,Sister Act 2: Back in the Habit,movie,tmdb,,Favorites,tracked
fa6d73af-da96-494b-b8ee-33d059bed7d5,Star Trek,movie,tmdb,,Finished,tracked
fa6d73af-da96-494b-b8ee-33d059bed7d5,Star Trek,tv,tmdb,,Finished,tracked
fa6d73af-da96-494b-b8ee-33d059bed7d5,Star Trek II: The Wrath of Khan,movie,tmdb,,Finished,tracked
fa6d73af-da96-494b-b8ee-33d059bed7d5,Star Trek: Deep Space Nine,tv,tmdb,,Finished,tracked
fa6d73af-da96-494b-b8ee-33d059bed7d5,Star Trek: Enterprise,tv,tmdb,,Finished,tracked
fa6d73af-da96-494b-b8ee-33d059bed7d5,Star Trek: Lower Decks,tv,tmdb,,Finished,tracked
fa6d73af-da96-494b-b8ee-33d059bed7d5,Star Trek: Strange New Worlds,tv,tmdb,,Currently,tracked
fa6d73af-da96-494b-b8ee-33d059bed7d5,Star Trek: The Motion Picture,movie,tmdb,,Finished,tracked
fa6d73af-da96-494b-b8ee-33d059bed7d5,Star Trek: The Next Generation,tv,tmdb,,Finished,tracked
fa6d73af-da96-494b-b8ee-33d059bed7d5,Star Trek: Voyager,tv,tmdb,,Finished,tracked
fa6d73af-da96-494b-b8ee-33d059bed7d5,Stargate SG-1,tv,tmdb,4.5,Finished,tracked; rated; rated_high
fa6d73af-da96-494b-b8ee-33d059bed7d5,Starter Villain,book,openlibrary,4.0,Finished,tracked; rated; rated_high
fa6d73af-da96-494b-b8ee-33d059bed7d5,Stuff You Should Know,podcast,itunes,3.5,Did Not Finish,tracked; rated
fa6d73af-da96-494b-b8ee-33d059bed7d5,Super Powereds,book,googlebooks,4.0,Finished,tracked; rated; rated_high
fa6d73af-da96-494b-b8ee-33d059bed7d5,Super Powereds,book,googlebooks,4.0,Finished,tracked; rated; rated_high
fa6d73af-da96-494b-b8ee-33d059bed7d5,Super Powereds,book,googlebooks,4.0,Finished,tracked; rated; rated_high
fa6d73af-da96-494b-b8ee-33d059bed7d5,Super Powereds: Year 1,book,googlebooks,4.0,Finished,tracked; rated; rated_high
fa6d73af-da96-494b-b8ee-33d059bed7d5,The Boys,tv,tmdb,,Finished,tracked
fa6d73af-da96-494b-b8ee-33d059bed7d5,The Closer,tv,tmdb,5.0,Finished,tracked; rated; rated_high
fa6d73af-da96-494b-b8ee-33d059bed7d5,The Dresden Files,book,openlibrary,,Finished,tracked
fa6d73af-da96-494b-b8ee-33d059bed7d5,The Kaiju Preservation Society,book,openlibrary,4.0,Finished,tracked; rated; rated_high
fa6d73af-da96-494b-b8ee-33d059bed7d5,The Last Colony,book,openlibrary,2.5,Finished,tracked; rated
fa6d73af-da96-494b-b8ee-33d059bed7d5,The Last Precinct,book,googlebooks,3.0,Finished,tracked; rated
fa6d73af-da96-494b-b8ee-33d059bed7d5,The Lord of the Rings,book,googlebooks,1.0,Finished,tracked; rated
fa6d73af-da96-494b-b8ee-33d059bed7d5,The Lord of the Rings: The Fellowship of the Ring,movie,tmdb,1.0,Finished,tracked; rated
fa6d73af-da96-494b-b8ee-33d059bed7d5,The Martian,book,openlibrary,5.0,Finished,tracked; rated; rated_high
fa6d73af-da96-494b-b8ee-33d059bed7d5,The Perfect Neighbor,movie,tmdb,3.0,Finished,tracked; rated
fa6d73af-da96-494b-b8ee-33d059bed7d5,The Thursday Murder Club,book,openlibrary,5.0,Favorites,tracked; rated; rated_high
fa6d73af-da96-494b-b8ee-33d059bed7d5,The Thursday Murder Club 2,book,openlibrary,5.0,Finished,tracked; rated; rated_high
fa6d73af-da96-494b-b8ee-33d059bed7d5,The Umbrella Academy,tv,tmdb,,Did Not Finish,tracked
fa6d73af-da96-494b-b8ee-33d059bed7d5,"The Utterly Uninteresting and Unadventurous Tales of Fred, the Vampire Accountant",book,googlebooks,5.0,Finished,tracked; rated; rated_high
fa6d73af-da96-494b-b8ee-33d059bed7d5,The Wedding People,book,googlebooks,4.0,Finished,tracked; rated; rated_high
fa6d73af-da96-494b-b8ee-33d059bed7d5,The Witcher,tv,tmdb,,Did Not Finish,tracked
fa6d73af-da96-494b-b8ee-33d059bed7d5,Undeath & Taxes,book,googlebooks,5.0,Finished,tracked; rated; rated_high
fa6d73af-da96-494b-b8ee-33d059bed7d5,When the Moon Hits Your Eye,book,openlibrary,3.0,Finished,tracked; rated
fafe14c2-c78a-4978-ac54-dfe270ca0caa,THE TORTURED POETS DEPARTMENT,music,itunes,,Finished,tracked
