username,media_type,title,creator,rating,rated,date_added
AaliyahWhite2,tv,All's Fair,TV Show,,No,2025-12-10
AaliyahWhite2,book,The Souls of Black Folk,W. E. B. Du Bois,,No,2025-12-09
AaliyahWhite2,book,The Underground Railroad,Colson Whitehead,,No,2025-12-09
AaliyahWhite2,book,The Warmth of Other Suns: The Epic Story of America's Great Migration,Isabel Wilkerson,,No,2025-12-09
AaliyahWhite2,book,Hood Feminism,Mikki Kendall,,No,2025-12-09
Ambiannie,book,"The Unselected Journals of Emma M. Lion, vol. 1",,4.5,Yes,2026-04-28
Ambiannie,book,Remarkably Bright Creatures [Movie Tie-In],,,No,2026-04-28
Ambiannie,tv,Stranger Things: Tales from '85,,,No,2026-04-28
Ambiannie,movie,Project Hail Mary,,,No,2026-04-28
Ambiannie,movie,Greenland 2: Migration,,,No,2026-04-28
Amyjgardner,book,The Unselected Journals of Emma M. Lion,Beth Brower,5.0,Yes,2026-02-18
Amyjgardner,book,The Unselected Journals of Emma M. Lion,Beth Brower,5.0,Yes,2026-02-18
Ashughes,music,Hurricane,Luke Combs,5.0,Yes,2026-04-27
Ashughes,movie,Ocean's Thirteen,,5.0,Yes,2026-04-27
Ashughes,music,One Number Away,Luke Combs,4.0,Yes,2026-04-27
Ashughes,music,The Maybe Man,AJR,4.0,Yes,2026-04-27
Ashughes,book,Immortal Dark Trilogy : Immortal Dark,Tigest Girma,4.0,Yes,2025-10-22
Ashughes,music,What Everyone's Thinking - EP,AJR,3.0,Yes,2026-04-27
Ashughes,music,Weak,AJR,,No,2026-04-27
Ashughes,book,Eternal Ruin,Tigest Girma,,No,2026-04-27
Ashughes,book,The Maid and the Crocodile,,,No,2026-04-27
Azurkan90,movie,Shutter Island,,,No,2026-04-27
Azurkan90,movie,The Dark Knight Rises,,,No,2026-04-27
Azurkan90,tv,Breaking Bad,,,No,2026-04-27
Azurkan90,tv,Squid Game,,,No,2026-04-27
Azurkan90,tv,Wednesday,,,No,2026-04-27
Azurkan90,tv,Friends,,,No,2026-04-27
Azurkan90,tv,Sex Education,,,No,2026-04-27
Azurkan90,tv,Law & Order,,,No,2026-04-27
Azurkan90,tv,INVINCIBLE,,,No,2026-04-27
Azurkan90,tv,The Boys,,,No,2026-04-27
Azurkan90,tv,The Boys,,,No,2026-04-27
Azurkan90,book,Inferno,Dan Brown,,No,2025-10-22
Azurkan90,book,Dune,Frank Herbert,,No,2025-10-22
BreEllis,book,The Unselected Journals of Emma M. Lion: Vol. 5,,,No,2026-03-06
BritDuncan,tv,The Chair Company,TV Show,,No,2025-10-21
BrookeM22,book,The Silent Patient,Alex Michaelides,3.0,Yes,2026-02-19
BrookeM22,tv,The Traitors,,,No,2026-02-16
BrookeM22,movie,Bugonia,Yorgos Lanthimos,,No,2026-02-13
BrookeM22,movie,Pulp Fiction,,,No,2026-02-06
BrookeM22,tv,The Big Bang Theory,,,No,2026-02-06
BrookeM22,tv,The Simpsons,,,No,2026-02-06
BrookeM22,tv,Wednesday,,,No,2026-02-06
BrookeM22,tv,Friends,,,No,2026-02-06
BrookeM22,podcast,Crime Junkie,,,No,2026-02-06
cass_matheney8,movie,The Dark Knight Rises,,,No,2026-01-28
cass_matheney8,movie,The Dark Knight,,,No,2026-01-28
cass_matheney8,tv,Friends,,,No,2026-01-28
cass_matheney8,tv,Wednesday,,,No,2026-01-28
cass_matheney8,music,Vanilla Ice Is Back! - Hip Hop Classics,,,No,2026-01-28
Char_Mehri,music,THE TORTURED POETS DEPARTMENT,,,No,2026-02-11
CShell83,movie,Knives Out,Unknown,,No,2026-01-16
CShell83,tv,Severance,,,No,2026-01-16
CShell83,tv,Stranger Things,,,No,2026-01-16
danovera,tv,The Queen's Gambit,Scott Frank,,No,2025-10-29
danovera,book,The Midnight Library,Matt Haig,,No,2025-10-29
danovera,movie,Dune,Denis Villeneuve,,No,2025-10-29
ericlawrence,tv,Parks and Recreation,Michael Schur,,No,2026-01-16
HeidiIsConsumed,book,"The Unselected Journals of Emma M. Lion, vol. 1",,5.0,Yes,2026-04-30
HeidiIsConsumed,podcast,The Toast,,5.0,Yes,2026-04-08
HeidiIsConsumed,book,The Unselected Journals of Emma M. Lion: Vol. 5,,5.0,Yes,2026-04-02
HeidiIsConsumed,book,The Unselected Journals of Emma M. Lion: Vol. 5,,5.0,Yes,2026-03-24
HeidiIsConsumed,tv,Imperfect Women,,5.0,Yes,2026-03-18
HeidiIsConsumed,mixed,Young Sherlock,,5.0,Yes,2026-03-17
HeidiIsConsumed,book,The Gilded Age,,5.0,Yes,2026-02-26
HeidiIsConsumed,book,The Covenant of Water (Oprah's Book Club),,5.0,Yes,2026-02-23
HeidiIsConsumed,book,The Covenant of Water (Oprah's Book Club),,5.0,Yes,2026-02-23
HeidiIsConsumed,movie,The Turnaround,,5.0,Yes,2026-02-22
HeidiIsConsumed,tv,The Pitt,,5.0,Yes,2026-02-22
HeidiIsConsumed,tv,The Pitt,,5.0,Yes,2026-02-20
HeidiIsConsumed,tv,Grace and Frankie,,5.0,Yes,2026-02-09
HeidiIsConsumed,tv,The Pitt,,5.0,Yes,2026-02-09
HeidiIsConsumed,podcast,The Aspire Playbook: Mark Cuban’s Day-1 Blueprint for Startup Success and How AI is Changing Entrepreneurship Forever,Unknown Show,5.0,Yes,2026-02-05
HeidiIsConsumed,movie,Nate Bargatze: The Tennessee Kid,,5.0,Yes,2026-02-05
HeidiIsConsumed,tv,The Queen's Gambit,Scott Frank,5.0,Yes,2026-01-12
HeidiIsConsumed,movie,Sense and Sensibility,,5.0,Yes,2026-01-12
HeidiIsConsumed,tv,The Queen's Gambit,Scott Frank,5.0,Yes,2026-01-07
HeidiIsConsumed,tv,Gilmore Girls,TV Show,5.0,Yes,2025-12-30
HeidiIsConsumed,tv,Gilmore Girls,TV Show,5.0,Yes,2025-12-30
HeidiIsConsumed,tv,Victoria,TV Show,5.0,Yes,2025-12-09
HeidiIsConsumed,tv,The Gilded Age,Julian Fellowes,5.0,Yes,2025-11-25
HeidiIsConsumed,tv,All Her Fault,TV Show,5.0,Yes,2025-11-25
HeidiIsConsumed,movie,To All the Boys I've Loved Before,Susan Johnson,5.0,Yes,2025-10-30
HeidiIsConsumed,book,The Martian,Andy Weir,5.0,Yes,2025-10-30
HeidiIsConsumed,movie,Crazy Rich Asians,Jon M. Chu,5.0,Yes,2025-10-26
HeidiIsConsumed,tv,The Diplomat,,5.0,Yes,2025-10-24
HeidiIsConsumed,movie,Hidden Figures,Theodore Melfi,5.0,Yes,2025-10-24
HeidiIsConsumed,tv,The Crown,Peter Morgan,5.0,Yes,2025-10-24
HeidiIsConsumed,mixed,Little Fires Everywhere,Liz Tigelaar,5.0,Yes,2025-10-24
HeidiIsConsumed,tv,The Diplomat,TV Show,5.0,Yes,2025-10-21
HeidiIsConsumed,tv,The Count of Monte Cristo,,4.5,Yes,2026-04-01
HeidiIsConsumed,tv,Rooster,,4.0,Yes,2026-03-29
HeidiIsConsumed,movie,Moneyball,,4.0,Yes,2026-03-18
HeidiIsConsumed,book,Minecraft,,4.0,Yes,2026-03-07
HeidiIsConsumed,book,My Husband's Wife,Alice Feeney,4.0,Yes,2026-02-28
HeidiIsConsumed,book,Doomsday,,4.0,Yes,2026-02-26
HeidiIsConsumed,book,Young Woman and the Sea,,4.0,Yes,2026-02-26
HeidiIsConsumed,podcast,Beth's Dead,,4.0,Yes,2026-02-22
HeidiIsConsumed,tv,The Resident,,4.0,Yes,2026-02-22
HeidiIsConsumed,movie,Oppenheimer,,4.0,Yes,2026-02-20
HeidiIsConsumed,movie,Crime 101,,4.0,Yes,2026-02-13
HeidiIsConsumed,tv,The Traitors,,4.0,Yes,2026-02-10
HeidiIsConsumed,book,My Husband's Wife,Alice Feeney,4.0,Yes,2026-02-09
HeidiIsConsumed,movie,Oppenheimer,,4.0,Yes,2026-01-20
HeidiIsConsumed,book,The Unselected Journals of Emma M. Lion: Vol 2,Beth Brower,4.0,Yes,2026-01-07
HeidiIsConsumed,movie,Tangled,Unknown,4.0,Yes,2026-01-07
HeidiIsConsumed,book,The Unselected Journals of Emma M. Lion: Vol 2,Beth Brower,4.0,Yes,2026-01-03
HeidiIsConsumed,youtube,"ACQ2: Why Duolingo Worked (with Luis von Ahn, CEO)",Acquired,4.0,Yes,2025-12-30
HeidiIsConsumed,tv,The Night Manager,Susanne Bier,4.0,Yes,2025-12-27
HeidiIsConsumed,tv,Selling Sunset,TV Show,4.0,Yes,2025-12-07
HeidiIsConsumed,tv,Schitt's Creek,Dan Levy & Eugene Levy,4.0,Yes,2025-10-30
HeidiIsConsumed,movie,Truth & Treason,Matt Whitaker,4.0,Yes,2025-10-26
HeidiIsConsumed,tv,Nobody Wants This,,4.0,Yes,2025-10-24
HeidiIsConsumed,tv,Nobody Wants This,,4.0,Yes,2025-10-23
HeidiIsConsumed,movie,Golf,,3.0,Yes,2026-02-26
HeidiIsConsumed,movie,Little Women,,3.0,Yes,2026-01-16
HeidiIsConsumed,movie,American Murder: The Family Next Door,Unknown,3.0,Yes,2026-01-07
HeidiIsConsumed,tv,The American Revolution,TV Show,3.0,Yes,2025-12-02
HeidiIsConsumed,tv,The Asset,,3.0,Yes,2025-10-29
HeidiIsConsumed,movie,Little Women,Greta Gerwig,3.0,Yes,2025-10-29
HeidiIsConsumed,movie,The Imitation Game,Morten Tyldum,3.0,Yes,2025-10-26
HeidiIsConsumed,tv,Task,,2.0,Yes,2025-10-24
HeidiIsConsumed,mixed,A Man Called Ove,Fredrik Backman,2.0,Yes,2025-10-24
HeidiIsConsumed,movie,Godzilla vs. Kong,,1.5,Yes,2026-04-25
HeidiIsConsumed,mixed,The Only Plane in the Sky,,0.5,Yes,2026-04-08
HeidiIsConsumed,book,Venture Deals,Brad Feld,,No,2026-05-05
HeidiIsConsumed,movie,The Devil Wears Prada 2,,,No,2026-05-04
HeidiIsConsumed,movie,Hoppers,,,No,2026-05-03
HeidiIsConsumed,movie,Michael,,,No,2026-05-03
HeidiIsConsumed,movie,Apex,,,No,2026-05-03
HeidiIsConsumed,tv,Running Point,,,No,2026-05-02
HeidiIsConsumed,book,Harry Potter Series,,,No,2026-04-30
HeidiIsConsumed,tv,Friends,,,No,2026-04-30
HeidiIsConsumed,book,The Unselected Journals of Emma M. Lion: Vol. 6,,,No,2026-04-10
HeidiIsConsumed,movie,Finding Harry: The Craft Behind the Magic,,,No,2026-04-10
HeidiIsConsumed,book,The Night We Met (Deluxe Edition),,,No,2026-04-02
HeidiIsConsumed,tv,The Forsytes,,,No,2026-04-02
HeidiIsConsumed,book,Atomic Habits,,,No,2026-04-02
HeidiIsConsumed,podcast,Love Trapped,,,No,2026-03-31
HeidiIsConsumed,music,Company Retreat,,,No,2026-03-29
HeidiIsConsumed,book,The Unselected Journals of Emma M. Lion: Vol. 3,,,No,2026-03-29
HeidiIsConsumed,movie,La La Land,,,No,2026-03-29
HeidiIsConsumed,tv,Normal People,,,No,2026-03-28
HeidiIsConsumed,tv,Fleabag,,,No,2026-03-28
HeidiIsConsumed,book,The Heir Apparent,Rebecca Armitage,,No,2026-03-16
HeidiIsConsumed,book,The Unselected Journals of Emma M. Lion: Vol 3,Beth Brower,,No,2026-03-16
HeidiIsConsumed,tv,Age of Attraction,,,No,2026-03-16
HeidiIsConsumed,movie,Project Hail Mary,,,No,2026-03-11
HeidiIsConsumed,movie,War Machine,,,No,2026-03-07
HeidiIsConsumed,tv,Jinx,,,No,2026-02-28
HeidiIsConsumed,tv,Scrubs,,,No,2026-02-28
HeidiIsConsumed,book,The Gilded Age,,,No,2026-02-26
HeidiIsConsumed,podcast,The Woman at the Bar,,,No,2026-02-26
HeidiIsConsumed,book,Young Woman And The Sea,,,No,2026-02-26
HeidiIsConsumed,book,Young Woman And The Sea,,,No,2026-02-26
HeidiIsConsumed,tv,Silo,Graham Yost,,No,2026-02-23
HeidiIsConsumed,book,Lula Dean's Little Library of Banned Books,Kirsten Miller,,No,2026-02-22
HeidiIsConsumed,tv,The Night Agent,,,No,2026-02-20
HeidiIsConsumed,movie,Mercy,,,No,2026-02-18
HeidiIsConsumed,movie,The Holiday,,,No,2026-02-18
HeidiIsConsumed,movie,The Intern,,,No,2026-02-18
HeidiIsConsumed,tv,Severance,,,No,2026-02-17
HeidiIsConsumed,tv,Tell Me Lies,,,No,2026-02-17
HeidiIsConsumed,book,The Unselected Journals of Emma M. Lion,,,No,2026-02-17
HeidiIsConsumed,mixed,The Real Housewives of Salt Lake City,,,No,2026-02-17
HeidiIsConsumed,book,Ella Enchanted,Gail Carson Levine,,No,2026-02-16
HeidiIsConsumed,movie,Fair Game,,,No,2026-02-15
HeidiIsConsumed,movie,Ella McCay,,,No,2026-02-15
HeidiIsConsumed,movie,Fair Game,Doug Liman,,No,2026-02-15
HeidiIsConsumed,movie,Marty Supreme,,,No,2026-02-13
HeidiIsConsumed,movie,You've Got Mail,,,No,2026-02-13
HeidiIsConsumed,movie,Me Before You,,,No,2026-02-13
HeidiIsConsumed,movie,Ever After,,,No,2026-02-13
HeidiIsConsumed,movie,The Holiday,,,No,2026-02-13
HeidiIsConsumed,movie,The Proposal,,,No,2026-02-13
HeidiIsConsumed,movie,Shelter,,,No,2026-02-10
HeidiIsConsumed,movie,Greenland 2: Migration,,,No,2026-02-10
HeidiIsConsumed,music,THE TORTURED POETS DEPARTMENT,,,No,2026-02-10
HeidiIsConsumed,movie,Send Help,,,No,2026-02-10
HeidiIsConsumed,tv,A Knight of the Seven Kingdoms,,,No,2026-02-10
HeidiIsConsumed,movie,Zootopia 2,,,No,2026-02-10
HeidiIsConsumed,movie,Hamnet,,,No,2026-02-10
HeidiIsConsumed,movie,Primate,,,No,2026-02-10
HeidiIsConsumed,book,My husband's wife,Jane Corry,,No,2026-02-10
HeidiIsConsumed,tv,The Paper,,,No,2026-02-10
HeidiIsConsumed,tv,PONIES,,,No,2026-02-09
HeidiIsConsumed,book,The Unselected Journals of Emma M. Lion: Vol 4,Beth Brower,,No,2026-02-05
HeidiIsConsumed,movie,Glass Onion: A Knives Out Mystery,,,No,2026-01-25
HeidiIsConsumed,movie,Anne,,,No,2026-01-20
HeidiIsConsumed,movie,Parasite,,,No,2026-01-20
HeidiIsConsumed,movie,Everything Everywhere All at Once,,,No,2026-01-20
HeidiIsConsumed,podcast,The Great British Baking Pod,GreatBritishBakingPod,,No,2026-01-17
HeidiIsConsumed,movie,Greenland,,,No,2026-01-12
HeidiIsConsumed,movie,COWBOY,,,No,2026-01-09
HeidiIsConsumed,book,Heartland,George Main,,No,2026-01-09
HeidiIsConsumed,tv,Anne of Green Gables,,,No,2026-01-08
HeidiIsConsumed,tv,Gossip Girl,,,No,2026-01-08
HeidiIsConsumed,movie,Swiped,,,No,2026-01-08
HeidiIsConsumed,movie,Knives Out,Unknown,,No,2026-01-03
HeidiIsConsumed,movie,Luca,Unknown,,No,2025-12-31
HeidiIsConsumed,youtube,A for Adley - Learning & Fun,A for Adley - Learning & Fun,,No,2025-12-31
HeidiIsConsumed,youtube,The FDE Playbook for AI Startups with Bob McGrew,Y Combinator,,No,2025-12-30
HeidiIsConsumed,tv,Geek Girl,Holly Smale,,No,2025-12-30
HeidiIsConsumed,tv,All's Fair,TV Show,,No,2025-12-29
HeidiIsConsumed,tv,Geek Girl,TV Show,,No,2025-12-29
HeidiIsConsumed,movie,The Great Flood,Unknown,,No,2025-12-29
HeidiIsConsumed,book,The Unselected Journals of Emma M. Lion,Beth Brower,,No,2025-12-28
HeidiIsConsumed,book,The Unselected Journals of Emma M. Lion,Beth Brower,,No,2025-12-28
HeidiIsConsumed,movie,Home Alone 2: Lost in New York,Unknown,,No,2025-12-21
HeidiIsConsumed,tv,PAW Patrol,TV Show,,No,2025-12-20
HeidiIsConsumed,book,Anne of Green Gables,Lucy Maud Montgomery,,No,2025-12-20
HeidiIsConsumed,tv,All's Fair,TV Show,,No,2025-12-10
HeidiIsConsumed,book,Pride and Prejudice,Jane Austen,,No,2025-12-07
HeidiIsConsumed,movie,Les Miserables,Unknown,,No,2025-12-07
HeidiIsConsumed,tv,Anne of Green Gables,TV Show,,No,2025-12-07
HeidiIsConsumed,movie,Oh. What. Fun.,Unknown,,No,2025-12-07
HeidiIsConsumed,podcast,Aspire with Emma Grede,Emma Grede | Audacy,,No,2025-12-07
HeidiIsConsumed,book,Your Next Five Moves,Patrick Bet-David,,No,2025-12-07
HeidiIsConsumed,tv,Anne of Green Gables,TV Show,,No,2025-12-07
HeidiIsConsumed,movie,The Boxcar Children: Surprise Island,Unknown,,No,2025-12-07
HeidiIsConsumed,movie,It's a Wonderful Life,Unknown,,No,2025-12-07
HeidiIsConsumed,movie,Miracle on 34th Street,Unknown,,No,2025-12-07
HeidiIsConsumed,book,Nail It then Scale It,Nathan Furr,,No,2025-12-06
HeidiIsConsumed,book,Love Haters,Katherine Center,,No,2025-12-06
HeidiIsConsumed,movie,Die Hard,Unknown,,No,2025-12-02
HeidiIsConsumed,movie,People We Meet on Vacation,Unknown,,No,2025-12-02
HeidiIsConsumed,movie,Percy Jackson & the Olympians: The Lightning Thief,Unknown,,No,2025-12-02
HeidiIsConsumed,movie,Harry Potter and the Deathly Hallows: Part 1,Unknown,,No,2025-12-02
HeidiIsConsumed,book,The Sound of Gravel,Ruth Wariner,,No,2025-12-02
HeidiIsConsumed,book,Family Experiment,John Marrs,,No,2025-12-02
HeidiIsConsumed,movie,Frankenstein,Unknown,,No,2025-11-25
HeidiIsConsumed,book,The Sound of Gravel,Ruth Wariner,,No,2025-11-25
HeidiIsConsumed,movie,Roofman,Unknown,,No,2025-11-25
HeidiIsConsumed,tv,The Revolutionary War,TV Show,,No,2025-11-17
HeidiIsConsumed,tv,All's Fair,,,No,2025-11-06
HeidiIsConsumed,tv,Death by Lightning,,,No,2025-11-06
HeidiIsConsumed,tv,Chad Powers,Michael Waldron,,No,2025-10-29
HeidiIsConsumed,movie,A House of Dynamite,Kathryn Bigelow,,No,2025-10-29
HeidiIsConsumed,book,The Lean Startup,Eric Ries,,No,2025-10-28
HeidiIsConsumed,book,Know What Matters,Ron Shaich,,No,2025-10-28
HeidiIsConsumed,book,Backable,Suneel Gupta,,No,2025-10-28
HeidiIsConsumed,movie,Frankenweenie,Unknown,,No,2025-10-26
HeidiIsConsumed,music,The Life of a Showgirl,Taylor Swift,,No,2025-10-26
HeidiIsConsumed,book,The Night Circus,Erin Morgenstern,,No,2025-10-26
HeidiIsConsumed,tv,The Marvelous Mrs. Maisel,Amy Sherman-Palladino,,No,2025-10-24
HeidiIsConsumed,movie,La La Land,Damien Chazelle,,No,2025-10-24
HeidiIsConsumed,book,THE INTRUDER,Freida McFadden,,No,2025-10-23
HeidiIsConsumed,music,The Life of a Showgirl - Track by Track,Taylor Swift,,No,2025-10-21
HeidiIsConsumed,book,Harry Potter and the Deathly Hallows,J. K. Rowling,,No,2025-10-21
HeidiIsConsumed,podcast,Aspire with Emma Grede,Emma Grede | Audacy,,No,2025-10-21
HeidiIsConsumed,book,Anne of Green Gables,Lucy Maud Montgomery,,No,2025-10-21
HeidiIsConsumed,tv,Sweet Magnolias,TV Show,,No,2025-10-21
HillHess,book,The Unselected Journals of Emma M. Lion,Beth Brower,5.0,Yes,2026-02-07
HillHess,book,The Wretched of Muirwood,Jeff Wheeler,5.0,Yes,2026-02-07
HillHess,book,Project Hail Mary,Andy Weir,5.0,Yes,2026-02-07
HillHess,podcast,The Aspire Playbook: Mark Cuban’s Day-1 Blueprint for Startup Success and How AI is Changing Entrepreneurship Forever,,5.0,Yes,2026-02-07
HillHess,movie,Nate Bargatze: The Tennessee Kid,,5.0,Yes,2026-02-07
HillHess,movie,Mission: Impossible III,Unknown,5.0,Yes,2025-10-30
HillHess,movie,Wonka,Unknown,5.0,Yes,2025-10-30
HillHess,movie,Wicked,Unknown,5.0,Yes,2025-10-30
HillHess,movie,Christmas with the Kranks,Unknown,5.0,Yes,2025-10-30
HillHess,movie,Enola Holmes,Unknown,5.0,Yes,2025-10-30
HillHess,book,The artist's way,Julia Cameron,5.0,Yes,2025-10-30
HillHess,movie,Castaway,Robert Zemeckis,5.0,Yes,2025-10-30
HillHess,tv,Wonder Man,Andrew Guest,4.0,Yes,2026-02-07
HillHess,movie,Wicked: For Good,,,No,2025-10-30
HillHess,movie,TRON: Ares,,,No,2025-10-30
HillHess,book,My Lady Jane,Cynthia Hand,,No,2025-10-30
HillHess,mixed,Survivor: The Official Podcast,CBS,,No,2025-10-30
HillHess,tv,Alone,History Channel,,No,2025-10-30
HillHess,tv,Friends,,,No,2025-10-30
HillHess,tv,Slow Horses,,,No,2025-10-30
HillHess,podcast,On Fire with Jeff Probst: The Official Survivor Podcast,CBS,,No,2025-10-21
Jackie101189,tv,Tell Me Lies,,5.0,Yes,2026-01-30
Jackie101189,tv,The Pitt,,,No,2026-04-28
Jackie101189,music,The Life of a Showgirl,Taylor Swift,,No,2025-11-06
jacquelineaneil,tv,Friends,TV Show,5.0,Yes,2025-10-31
jacquelineaneil,tv,Southern Charm,TV Show,,No,2025-10-31
jacquelineaneil,tv,The Diplomat,TV Show,,No,2025-10-31
jacquelineaneil,movie,Parasite,Bong Joon-ho,,No,2025-10-31
jacquelineaneil,mixed,The Joe Rogan Experience,Joe Rogan,,No,2025-10-31
jacquelineaneil,tv,The Queen's Gambit,Scott Frank,,No,2025-10-31
jamjardi,tv,Justified,TV Show,5.0,Yes,2025-11-01
jamjardi,tv,Star Trek: Deep Space Nine,TV Show,5.0,Yes,2025-10-29
jamjardi,tv,Parks and Recreation,TV Show,5.0,Yes,2025-10-29
jamjardi,tv,Brooklyn Nine-Nine,TV Show,5.0,Yes,2025-10-29
jamjardi,podcast,The Lonely Island and Seth Meyers Podcast,The Lonely Island & Seth Meyers,5.0,Yes,2025-10-29
jamjardi,tv,Late Night with Seth Meyers,TV Show,,No,2025-10-29
jamjardi,tv,Last Week Tonight with John Oliver,TV Show,,No,2025-10-29
jamjardi,tv,Slow Horses,TV Show,,No,2025-10-29
jedivie,youtube,"Victor the Assassin Series Tom Wood Collection 3 Books Set (The Hunter, The Enemy, The Game)",The Book Bundle UK,5.0,Yes,2026-01-30
jedivie,podcast,PBD Podcast,,,No,2026-01-30
jedivie,music,Vanilla Ice Is Back! - Hip Hop Classics,,,No,2026-01-30
Jeeppler,movie,Come See Me in the Good Light,,5.0,Yes,2026-02-13
Jeeppler,book,Survivor,Chuck Palahniuk,5.0,Yes,2026-02-11
Jeeppler,tv,Below Deck Mediterranean,,5.0,Yes,2026-01-11
Jeeppler,tv,Severance,Dan Erickson,5.0,Yes,2025-11-05
Jeeppler,tv,The Office,Greg Daniels,5.0,Yes,2025-11-05
Jeeppler,tv,Schitt's Creek,Dan Levy and Eugene Levy,5.0,Yes,2025-11-03
Jeeppler,tv,The Crown,Peter Morgan,5.0,Yes,2025-10-28
Jeeppler,tv,Rooster,,4.5,Yes,2026-03-26
Jeeppler,tv,Paradise,,4.5,Yes,2026-02-25
Jeeppler,tv,The Marvelous Mrs. Maisel,Amy Sherman-Palladino,4.5,Yes,2025-12-10
Jeeppler,tv,Better Call Saul,,4.0,Yes,2026-03-13
Jeeppler,book,Revolting Youth,C.D. Payne,4.0,Yes,2026-02-11
Jeeppler,movie,American Strays,Michael Covert,3.5,Yes,2025-11-13
Jeeppler,tv,The Good Place,,3.0,Yes,2026-03-12
Jeeppler,movie,Bugonia,,3.0,Yes,2026-02-13
Jeeppler,tv,The Morning Show,Jay Carson,3.0,Yes,2025-12-03
Jeeppler,tv,Only Murders in the Building,,3.0,Yes,2025-10-29
Jeeppler,tv,Big Mistakes,,,No,2026-04-19
Jeeppler,mixed,The Toast,,,No,2026-04-09
Jeeppler,tv,The Daily Show,,,No,2026-03-26
Jeeppler,tv,Scrubs,,,No,2026-03-26
Jeeppler,book,James,Percival Everett,,No,2026-03-13
Jeeppler,tv,Watch What Happens Live with Andy Cohen,,,No,2026-03-10
Jeeppler,movie,Hoppers,,,No,2026-03-10
Jeeppler,movie,"Good Luck to You, Leo Grande",,,No,2026-03-08
Jeeppler,movie,Sinners,,,No,2026-03-08
Jeeppler,book,Ask for Andrea,Noelle West Ihli,,No,2026-03-01
Jeeppler,tv,The Traitors,Nishant Nayak,,No,2026-02-25
Jeeppler,movie,“Wuthering Heights”,,,No,2026-02-20
Jeeppler,tv,The Pitt,R. Scott Gemmill,,No,2026-02-20
Jeeppler,movie,Knives Out,,,No,2026-02-13
Jeeppler,book,Youth in Revolt,C.D. Payne,,No,2026-02-11
Jeeppler,movie,Youth in Revolt,Miguel Arteta,,No,2026-02-11
Jeeppler,music,THE TORTURED POETS DEPARTMENT,,,No,2026-02-11
Jeeppler,movie,Zootopia 2,,,No,2026-02-11
Jeeppler,movie,Marty Supreme,,,No,2026-02-11
Jeeppler,movie,Hamnet,,,No,2026-02-11
Jeeppler,tv,The White Lotus,,,No,2026-02-05
Jeeppler,movie,Knives Out,Rian Johnson,,No,2026-01-26
Jeeppler,tv,Stranger Things,,,No,2026-01-15
Jeeppler,mixed,Making a Murderer,,,No,2026-01-12
Jeeppler,mixed,Vanderpump Rules,,,No,2026-01-12
Jeeppler,book,The Gifts of Imperfection,Breň Brown,,No,2026-01-11
Jeeppler,mixed,Succession,,,No,2026-01-11
Jeeppler,mixed,The Real Housewives of Salt Lake City,,,No,2026-01-11
Jeeppler,tv,Nobody Wants This,Erin Foster,,No,2025-12-03
Jeeppler,tv,Palm Royale,TV Show,,No,2025-11-17
Jeeppler,tv,Pluribus,,,No,2025-11-14
Jeeppler,tv,Pluribus,,,No,2025-11-13
Jeeppler,movie,One Battle After Another,,,No,2025-11-13
Jeeppler,movie,A Merry Little Ex-Mas,,,No,2025-11-13
Jeeppler,book,Choke,Chuck Palahniuk,,No,2025-11-05
Jeeppler,book,Haunted,Chuck Palahniuk,,No,2025-11-05
Jeeppler,podcast,Timesuck with Dan Cummins,Dan Cummins,,No,2025-11-05
Jeeppler,movie,The Wolf of Wall Street,,,No,2025-11-05
Jeeppler,mixed,S-Town,Brian Reed,,No,2025-11-05
Jeeppler,tv,Real Housewives of New York City,Bravo,,No,2025-11-05
Jeeppler,podcast,Story Break,RocketJump,,No,2025-11-03
Jeeppler,podcast,Data Over Dogma,Daniel McClellan and Daniel Beecher,,No,2025-11-03
Jeeppler,tv,Stranger Things,,,No,2025-11-03
Jeeppler,tv,The Keepers,Ryan White,,No,2025-11-03
Jeeppler,tv,The Real Housewives of Salt Lake City,Bravo,,No,2025-11-03
Jeeppler,podcast,Handsome,Headgum,,No,2025-10-29
Jeeppler,podcast,Armchair Expert with Dax Shepard,Armchair Umbrella,,No,2025-10-29
Jeeppler,book,Creative Act,Rick Rubin,,No,2025-10-29
Jeeppler,book,BRAIDING SWEETGRASS,Robin Wall Kimmerer,,No,2025-10-29
Jeeppler,book,Myth of Normal,Gabor Maté,,No,2025-10-29
Jeeppler,tv,The Real Housewives of Beverly Hills,Bravo,,No,2025-10-28
Jeeppler,tv,Friends from College,"Nicholas Stoller, Francesca Delbanco",,No,2025-10-28
Jeeppler,tv,Ted Lasso,"Bill Lawrence, Jason Sudeikis",,No,2025-10-28
Jeeppler,tv,The Last Dance,Jason Hehir,,No,2025-10-28
Jeeppler,movie,Bohemian Rhapsody,Bryan Singer,,No,2025-10-28
Jeeppler,tv,Below Deck,Bravo,,No,2025-10-28
Jeeppler,mixed,Serial,Sarah Koenig,,No,2025-10-28
Jeeppler,tv,Making a Murderer,Laura Ricciardi and Moira Demos,,No,2025-10-28
Jeeppler,tv,Task,Brad Ingelsby,,No,2025-10-21
Jeeppler,tv,The Real Housewives of Potomac,Scott Dunlop,,No,2025-10-21
Jennalovesbooks,movie,Moneyball,,4.0,Yes,2026-03-11
Jennalovesbooks,book,Project Hail Mary,Andy Weir,4.0,Yes,2026-03-11
Jennalovesbooks,book,The Hunger Games Trilogy,Suzanne Collins,,No,2026-05-05
Jennalovesbooks,mixed,The Unselected Journals of Emma M. Lion: Vol. 5,,,No,2026-03-24
Jennalovesbooks,book,The Unselected Journals of Emma M. Lion: Vol 3,Beth Brower,,No,2026-03-13
Jennalovesbooks,tv,The Traitors,,,No,2026-03-11
Jennalovesbooks,mixed,Shoe Dog,,,No,2026-03-11
jennifer,tv,All's Fair,,,No,2025-11-04
jillplacer12,movie,Mortal Kombat II,,,No,2026-05-08
jillplacer12,movie,Star Wars: Episode I - The Phantom Menace,,,No,2026-05-04
jillplacer12,tv,The Bachelorette,,,No,2026-05-03
Joejoe,book,Startup Nation,"Dan Senor, Saul Singer",,No,2025-12-09
Joejoe,tv,Brooklyn Nine-Nine,"Michael Schur, Dan Goor",,No,2025-12-09
Joejoe,book,Zero to One,Peter Thiel,,No,2025-12-09
Joejoe,youtube,Amazing! TECHART modified Porsche 992 Targa 4S opens its roof. Subscribe for more!,TECHART,,No,2025-12-09
Joejoe,youtube,I found Stradmans old car,Burlacher,,No,2025-12-09
Joejoe,podcast,How to Take Over the World,Benjamin Wilson,,No,2025-11-28
Joejoe,book,All in Her Head,Elizabeth Comen,,No,2025-11-24
Joejoe,movie,A Merry Little Ex-Mas,Unknown,,No,2025-11-23
johnlane,movie,The Social Network,,4.0,Yes,2026-04-01
jordan,movie,Interstellar,Christopher Nolan,,No,2025-11-03
jordancroninger@gmail.com,tv,Trust Me: The False Prophet,,5.0,Yes,2026-04-27
jordancroninger@gmail.com,book,Don't Believe Everything You Think,,5.0,Yes,2026-04-08
jordancroninger@gmail.com,music,The Toast Theme Song,,,No,2026-04-27
jordancroninger@gmail.com,book,The Only Plane in the Sky,,,No,2026-04-08
jordancroninger@gmail.com,book,The Gifts of Imperfection,Breň Brown,,No,2026-01-09
jordancroninger@gmail.com,book,The Gifts of Imperfection,Breň Brown,,No,2026-01-09
jordanrivers24,movie,The Fugitive,,5.0,Yes,2026-04-27
jordanrivers24,movie,Louis C.K.: Hilarious,Louis C.K.,5.0,Yes,2026-01-04
jordanrivers24,tv,The Expanse,Mark Fergus and Hawk Ostby,5.0,Yes,2026-01-04
jordanrivers24,movie,Nate Bargatze: The Tennessee Kid,Unknown,5.0,Yes,2025-12-09
jordanrivers24,movie,Moneyball,,4.5,Yes,2026-03-10
jordanrivers24,tv,The Beatles: Get Back,,4.0,Yes,2026-01-08
jordanrivers24,tv,All Her Fault,,4.0,Yes,2026-01-08
jordanrivers24,podcast,The Joe Rogan Experience,Joe Rogan,4.0,Yes,2026-01-04
jordanrivers24,game,Call of Duty: Modern Warfare,Infinity Ward,4.0,Yes,2026-01-04
jordanrivers24,tv,Planet Earth II,David Attenborough,1.0,Yes,2026-01-04
jordanrivers24,tv,The Pitt,,,No,2026-05-01
jordanrivers24,movie,The Bride!,,,No,2026-04-13
jordanrivers24,movie,Avatar: Fire and Ash,,,No,2026-04-13
jordanrivers24,movie,Outcome,,,No,2026-04-13
jordanrivers24,movie,Thrash,,,No,2026-04-13
jordanrivers24,movie,The Super Mario Galaxy Movie,,,No,2026-04-13
jordanrivers24,movie,Project Hail Mary,,,No,2026-04-13
jordanrivers24,movie,The Turnaround,,,No,2026-03-10
jordanrivers24,movie,War Machine,,,No,2026-03-10
jordanrivers24,movie,Startup,,,No,2026-01-28
jordanrivers24,movie,Get Out,,,No,2026-01-23
jordanrivers24,movie,The Shining,,,No,2026-01-23
jordanrivers24,tv,Stranger Things,,,No,2026-01-04
jordanrivers24,movie,Knives Out,Unknown,,No,2026-01-04
joy,movie,Escape from Germany,,5.0,Yes,2026-04-28
joy,movie,It's a Wonderful Life,,5.0,Yes,2026-04-28
joy,podcast,Helping of Happiness,,5.0,Yes,2026-04-28
joy,book,"The Unselected Journals of Emma M. Lion, vol. 3",,5.0,Yes,2026-04-27
joy,book,"The Unselected Journals of Emma M. Lion, vol. 3",Beth Brower,5.0,Yes,2026-04-18
joy,movie,Escape from Germany,,5.0,Yes,2026-04-18
joy,movie,It's a Wonderful Life,Unknown,5.0,Yes,2025-12-31
joy,book,Strangers in Time,,4.0,Yes,2026-03-26
joy,book,Radiance of the Ordinary,,,No,2026-04-18
joy,book,Mere Christianity,,,No,2026-03-26
joy,movie,Ordinary Angels,Unknown,,No,2025-11-12
joy,book,Saint behind enemy lines,Olga Kovářová Campora,,No,2025-11-07
joy,podcast,Church History Matters,Scripture Central,,No,2025-11-03
Jrgibsongirl,movie,Project Hail Mary,,5.0,Yes,2026-04-27
Jrgibsongirl,book,Crooked Kingdom,Leigh Bardugo,,No,2026-04-27
Jrgibsongirl,music,Better Together,Jack Johnson,,No,2025-10-22
Jrgibsongirl,tv,Stargate SG-1,TV Show,,No,2025-10-22
Jrgibsongirl,tv,Happy's Place,TV Show,,No,2025-10-22
Jrgibsongirl,game,Hogwarts Legacy,Unknown Developer,,No,2025-10-22
Jrgibsongirl,tv,The Diplomat,Debora Cahn,,No,2025-10-22
KChandler,movie,Emma,Autumn de Wilde,4.0,Yes,2025-10-29
KChandler,book,Unequal Affections,Lara S. Ormiston,,No,2025-10-29
KendallK,book,In Your Dreams,,5.0,Yes,2026-05-03
KendallK,movie,A Million Miles Away,,5.0,Yes,2026-04-14
KendallK,book,A Cross-Country Christmas,,5.0,Yes,2026-04-14
KendallK,movie,Project Hail Mary,,,No,2026-04-14
KJWoodsEMH,book,My Friends,Fredrik Backman,5.0,Yes,2026-04-28
KJWoodsEMH,book,Undeath & Taxes,,5.0,Yes,2026-04-27
KJWoodsEMH,book,"The Utterly Uninteresting and Unadventurous Tales of Fred, the Vampire Accountant",Drew Hayes,5.0,Yes,2026-04-27
KJWoodsEMH,tv,The Closer,,5.0,Yes,2026-04-27
KJWoodsEMH,book,The Thursday Murder Club 2,Richard Osman,5.0,Yes,2025-10-29
KJWoodsEMH,book,The Thursday Murder Club,Richard Osman,5.0,Yes,2025-10-29
KJWoodsEMH,book,Anxious People,Fredrik Backman,5.0,Yes,2025-10-29
KJWoodsEMH,book,RED RISING,Pierce Brown,5.0,Yes,2025-10-25
KJWoodsEMH,book,RED RISING,Pierce Brown,5.0,Yes,2025-10-25
KJWoodsEMH,book,The Martian,Andy Weir,5.0,Yes,2025-10-25
KJWoodsEMH,book,Anxious People,Fredrik Backman,4.5,Yes,2026-04-28
KJWoodsEMH,tv,Stargate SG-1,,4.5,Yes,2026-04-27
KJWoodsEMH,book,The Wedding People,Alison Espach,4.0,Yes,2026-04-28
KJWoodsEMH,book,Super Powereds,,4.0,Yes,2026-04-27
KJWoodsEMH,book,Super Powereds: Year 1,Drew Hayes,4.0,Yes,2026-04-27
KJWoodsEMH,book,Super Powereds,,4.0,Yes,2026-04-27
KJWoodsEMH,book,Super Powereds,,4.0,Yes,2026-04-27
KJWoodsEMH,book,Starter Villain,John Scalzi,4.0,Yes,2025-10-29
KJWoodsEMH,book,The Kaiju Preservation Society,John Scalzi,4.0,Yes,2025-10-29
KJWoodsEMH,movie,Knives Out,Rian Johnson,4.0,Yes,2025-10-25
KJWoodsEMH,podcast,Stuff You Should Know,iHeartPodcasts,3.5,Yes,2026-04-28
KJWoodsEMH,tv,Major Crimes,,3.5,Yes,2026-04-27
KJWoodsEMH,podcast,Believable: The Coco Berthmann Story,Dear Media,3.0,Yes,2026-04-28
KJWoodsEMH,podcast,Gardens of Evil: Inside the Zion Society Cult,American NIghtmares,3.0,Yes,2026-04-28
KJWoodsEMH,book,Scarpetta,Patricia Daniels Cornwell,3.0,Yes,2026-04-28
KJWoodsEMH,book,Black Notice,Patricia Daniels Cornwell,3.0,Yes,2026-04-28
KJWoodsEMH,book,The Last Precinct,Patricia Cornwell,3.0,Yes,2026-04-28
KJWoodsEMH,book,Body of Evidence,Patricia Cornwell,3.0,Yes,2026-04-28
KJWoodsEMH,book,Postmortem,Patricia Cornwell,3.0,Yes,2026-04-28
KJWoodsEMH,tv,Medium,,3.0,Yes,2026-04-27
KJWoodsEMH,book,When the Moon Hits Your Eye,John Scalzi,3.0,Yes,2025-10-29
KJWoodsEMH,movie,The Perfect Neighbor,Geeta Gandbhir,3.0,Yes,2025-10-25
KJWoodsEMH,tv,Blue Bloods,Mitchell Burgess and Robin Green,3.0,Yes,2025-10-25
KJWoodsEMH,book,From Potter's Field,,2.5,Yes,2026-04-28
KJWoodsEMH,TV Show,Only Murders in the Building,,2.5,Yes,2026-04-27
KJWoodsEMH,book,The Last Colony,John Scalzi,2.5,Yes,2025-10-29
KJWoodsEMH,movie,The Lord of the Rings: The Fellowship of the Ring,,1.0,Yes,2026-04-27
KJWoodsEMH,book,The Lord of the Rings,,1.0,Yes,2026-04-27
KJWoodsEMH,podcast,My Favorite Murder with Karen Kilgariff and Georgia Hardstark,Exactly Right and iHeartPodcasts,,No,2026-04-28
KJWoodsEMH,podcast,Judge John Hodgman,John Hodgman and Maximum Fun,,No,2026-04-28
KJWoodsEMH,tv,Scarpetta,,,No,2026-04-28
KJWoodsEMH,Book,Redshirts,,,No,2026-04-28
KJWoodsEMH,tv,Law & Order: Special Victims Unit,,,No,2026-04-27
KJWoodsEMH,tv,The Boys,,,No,2026-04-27
KJWoodsEMH,tv,Law & Order: Special Victims Unit,,,No,2026-04-27
KJWoodsEMH,tv,The Umbrella Academy,"Steve Blackman, Jeremy Slater",,No,2025-10-29
KJWoodsEMH,tv,The Witcher,Lauren Schmidt Hissrich,,No,2025-10-29
KJWoodsEMH,mixed,Serial,Sarah Koenig,,No,2025-10-25
KJWoodsEMH,book,The Dresden Files,Jim Butcher,,No,2025-10-25
KJWoodsEMH,podcast,Nobody Listens to Paula Poundstone,"Lipstick Nancy, Inc. & Glassbox Media",,No,2025-10-22
KJWoodsEMH,podcast,Sawbones: A Marital Tour of Misguided Medicine,"Justin McElroy, Dr. Sydnee McElroy",,No,2025-10-22
KJWoodsEMH,music,Coat of Many Colors,Dolly Parton,,No,2025-10-22
KJWoodsEMH,music,I Will Always Love You,Dolly Parton,,No,2025-10-22
KJWoodsEMH,movie,Star Trek II: The Wrath of Khan,Unknown,,No,2025-10-22
KJWoodsEMH,movie,Star Trek: The Motion Picture,Unknown,,No,2025-10-22
KJWoodsEMH,movie,Star Trek,Unknown,,No,2025-10-22
KJWoodsEMH,tv,Star Trek: Lower Decks,TV Show,,No,2025-10-22
KJWoodsEMH,tv,Star Trek: Enterprise,TV Show,,No,2025-10-22
KJWoodsEMH,tv,Star Trek: Strange New Worlds,TV Show,,No,2025-10-22
KJWoodsEMH,tv,Star Trek: Deep Space Nine,TV Show,,No,2025-10-22
KJWoodsEMH,tv,Star Trek: Voyager,TV Show,,No,2025-10-22
KJWoodsEMH,tv,Star Trek: The Next Generation,TV Show,,No,2025-10-22
KJWoodsEMH,tv,Star Trek,TV Show,,No,2025-10-22
KJWoodsEMH,tv,Law & Order: Special Victims Unit,TV Show,,No,2025-10-22
KJWoodsEMH,game,Dr. Mario,Unknown Developer,,No,2025-10-22
KJWoodsEMH,movie,Rhinestone,Unknown,,No,2025-10-22
KJWoodsEMH,movie,Sister Act 2: Back in the Habit,Unknown,,No,2025-10-22
KJWoodsEMH,movie,Sister Act,Unknown,,No,2025-10-22
KJWoodsEMH,podcast,"My Brother, My Brother And Me",The McElroys,,No,2025-10-22
KJWoodsEMH,movie,Hocus Pocus,Kenny Ortega,,No,2025-10-21
KJWoodsEMH,movie,Hocus Pocus,Kenny Ortega,,No,2025-10-21
KJWoodsEMH,book,Old Man's War,Unknown Author,,No,2025-10-21
KyBurg,tv,All's Fair,Jon Robin Baitz,,No,2025-11-06
Leacarlson22,tv,All Her Fault,,5.0,Yes,2026-01-08
Lester,tv,Stranger Things,,,No,2026-02-20
Lester,tv,Star Trek: Starfleet Academy,,,No,2026-02-20
Lester,tv,A Knight of the Seven Kingdoms,,,No,2026-02-20
Lester,tv,Fallout,,,No,2026-02-20
Lester,movie,Marty Supreme,,,No,2026-02-20
Lester,movie,Now You See Me: Now You Don't,,,No,2026-02-20
Lester,movie,Predator: Badlands,,,No,2026-02-20
Lester,movie,Primate,,,No,2026-02-20
Lester,movie,28 Years Later: The Bone Temple,,,No,2026-02-20
Lester,movie,Scream 7,,,No,2026-02-20
Lester,movie,Mercy,,,No,2026-02-20
Lester,movie,Send Help,,,No,2026-02-19
Lester,movie,Twisters,,,No,2026-02-19
Lester,tv,The Pitt,,,No,2026-02-17
linds047,movie,Nuremberg,James Vanderbilt,4.0,Yes,2025-11-12
linds047,movie,Bugonia,Yorgos Lanthimos,4.0,Yes,2025-11-12
linds047,book,The Silent Patient,Alex Michaelides,4.0,Yes,2025-11-06
linds047,movie,Superman,James Gunn,4.0,Yes,2025-10-30
linds047,movie,"Oh, Hi!",Sophie Brooks,4.0,Yes,2025-10-30
linds047,movie,"Sorry, Baby",Eva Victor,4.0,Yes,2025-10-30
linds047,movie,One Battle After Another,Paul Thomas Anderson,4.0,Yes,2025-10-30
linds047,movie,The Fantastic 4: First Steps,Matt Shakman,3.0,Yes,2025-11-13
linds047,movie,Roofman,Derek Cianfrance,3.0,Yes,2025-11-13
linds047,tv,All Her Fault,Megan Gallagher,3.0,Yes,2025-11-13
linds047,movie,Satisfied,Chris Bolan,3.0,Yes,2025-10-30
linds047,movie,Good Fortune,Aziz Ansari,3.0,Yes,2025-10-30
linds047,movie,A Big Bold Beautiful Journey,Kogonada,2.0,Yes,2025-10-30
linds047,movie,Weapons,Zach Cregger,2.0,Yes,2025-10-30
linds047,movie,Regretting You,Josh Boone,2.0,Yes,2025-10-30
linds047,movie,Eternity,David Freyne,,No,2025-12-04
linds047,movie,Die My Love,Lynne Ramsay,,No,2025-11-25
linds047,movie,Rental Family,HIKARI,,No,2025-11-25
linds047,movie,Wicked: For Good,Jon M. Chu,,No,2025-11-25
linds047,podcast,The Retrievals,Serial Productions & The New York Times,,No,2025-10-30
linds047,tv,Stranger Things,,,No,2025-10-30
LissyRu,book,The Unselected Journals of Emma M. Lion: Vol 5,Beth Brower,5.0,Yes,2026-02-24
LissyRu,book,The Unselected Journals of Emma M. Lion,Beth Brower,5.0,Yes,2026-02-24
LissyRu,book,The Unselected Journals of Emma M. Lion,Beth Brower,5.0,Yes,2026-02-24
LissyRu,book,The Unselected Journals of Emma M. Lion,Beth Brower,5.0,Yes,2026-02-24
LissyRu,book,The Unselected Journals of Emma M. Lion: Vol. 6,Beth Brower,5.0,Yes,2026-02-24
LissyRu,book,The Unselected Journals of Emma M. Lion: Vol 4,Beth Brower,5.0,Yes,2026-02-24
LissyRu,book,A Court of Thorns and Roses,Sarah J. Maas,5.0,Yes,2026-02-24
logicalsoure,music,Time,Pink Floyd,,No,2025-10-23
logicalsoure,movie,Creed,Unknown,,No,2025-10-23
Madhope21,book,Sociopath,Patric Gagne,5.0,Yes,2026-01-15
Madhope21,book,Educated,Tara Westover,5.0,Yes,2026-01-15
Madhope21,podcast,Curse of: America’s Next Top Model,iHeartPodcasts and Glass Podcasts,5.0,Yes,2025-11-06
Madhope21,movie,The Strangers,Unknown,5.0,Yes,2025-11-02
Madhope21,movie,Don't Worry Darling,Unknown,4.0,Yes,2025-11-10
Madhope21,tv,DAHMER - Monster: The Jeffrey Dahmer Story,TV Show,4.0,Yes,2025-11-02
Madhope21,book,House of My Mother,Shari Franke,4.0,Yes,2025-11-02
Madhope21,podcast,Crime Junkie,audiochuck,4.0,Yes,2025-11-02
Madhope21,tv,Fallout,,3.0,Yes,2025-12-11
Madhope21,tv,The Secret Lives of Mormon Wives,TV Show,3.0,Yes,2025-11-03
Madhope21,book,The storied life of A. J. Fikry,Gabrielle Zevin,3.0,Yes,2025-11-02
Madhope21,movie,Hereditary,,,No,2026-01-16
Madhope21,movie,Wicked: For Good,Unknown,,No,2025-12-11
Madhope21,movie,The Lighthouse,Robert Eggers,,No,2025-12-11
Madhope21,movie,The Invisible Man,Leigh Whannell,,No,2025-12-11
Madhope21,movie,Why Not Us?,Didier Philippe-Gérard,,No,2025-11-10
Madhope21,book,The Women,Kristin Hannah,,No,2025-11-04
Madhope21,movie,The Invisible Man,Leigh Whannell,,No,2025-11-03
Madhope21,tv,Only Murders in the Building,Steve Martin and John Hoffman,,No,2025-11-03
Madhope21,movie,Weapons,Zach Cregger,,No,2025-11-02
Madhope21,movie,Weapons,Zach Cregger,,No,2025-11-02
Madhope21,movie,A House of Dynamite,,,No,2025-11-02
Madhope21,tv,Stranger Things,,,No,2025-11-02
Madhope21,tv,IT: Welcome to Derry,,,No,2025-11-02
Madhope21,tv,The Expanse,"Mark Fergus, Hawk Ostby",,No,2025-11-02
Madhope21,game,Hogwarts Legacy,Unknown Developer,,No,2025-11-02
Madhope21,podcast,Morbid,Ash Kelley & Alaina Urquhart,,No,2025-11-02
Madhope21,podcast,Good Hang with Amy Poehler,The Ringer,,No,2025-11-02
marystarre274,book,Harry Potter and the Philosopher's Stone,,5.0,Yes,2026-04-02
MegBassett,tv,Nobody Wants This,TV Show,,No,2025-10-29
MH815,tv,Schitt's Creek,"Eugene Levy, Daniel Levy",,No,2025-10-30
MH815,book,The Midnight Library,Matt Haig,,No,2025-10-30
MH815,tv,The Queen's Gambit,Scott Frank,,No,2025-10-30
micah,tv,Silo,Graham Yost,5.0,Yes,2025-11-03
micah,tv,Slow Horses,,5.0,Yes,2025-11-03
micah,tv,Robin Hood,Unknown,,No,2025-11-03
mikerobinson,book,Harry Potter and the Order of the Phoenix,J. K. Rowling,5.0,Yes,2026-02-24
mikerobinson,tv,Severance,TV Show,,No,2025-12-03
mikerobinson,movie,Titanic,Unknown,,No,2025-12-03
mjimenez,movie,War Machine,,,No,2026-03-24
mjimenez,movie,Moneyball,,,No,2026-03-24
MoDjanie,tv,Nobody Wants This,TV Show,4.0,Yes,2025-11-06
MoDjanie,book,The Reason I Jump One Boys Voice From The Silence Of Autism,Naoki Higashida,4.0,Yes,2025-11-06
MoDjanie,tv,Single's Inferno,,,No,2026-01-30
MoDjanie,book,Caste: The Origins of Our Discontents,,,No,2026-01-30
MoDjanie,book,To Kill a Mockingbird,,,No,2026-01-30
MoDjanie,book,Long Walk to Freedom,Nelson Mandela,,No,2025-11-06
MoDjanie,book,Just Mercy,Bryan Stevenson,,No,2025-11-06
MoDjanie,tv,Starting 5,TV Show,,No,2025-11-06
Mon_Anne,movie,Hoppers,,5.0,Yes,2026-03-06
Mon_Anne,movie,Thunderbolts*,,5.0,Yes,2026-03-04
Mon_Anne,book,The Silent Patient,,,No,2026-03-04
Montessorimom36,movie,Just Friends,Unknown,5.0,Yes,2025-12-21
Montessorimom36,tv,The Office,TV Show,5.0,Yes,2025-12-21
Montessorimom36,tv,Parks and Recreation,TV Show,5.0,Yes,2025-12-21
Montessorimom36,tv,Schitt's Creek,TV Show,5.0,Yes,2025-12-21
Montessorimom36,tv,Gilmore Girls,TV Show,5.0,Yes,2025-12-21
Montessorimom36,movie,Wicked: For Good,Jon M. Chu,5.0,Yes,2025-12-21
Montessorimom36,tv,Gilmore Girls,TV Show,5.0,Yes,2025-10-29
Montessorimom36,movie,Harry Potter and the Philosopher's Stone,Unknown,,No,2025-12-21
Montessorimom36,mixed,Dear Evan Hansen,Benj Pasek and Justin Paul,,No,2025-12-21
Montessorimom36,tv,Brooklyn Nine-Nine,"Michael Schur, Dan Goor",,No,2025-12-21
Montessorimom36,tv,Friends,TV Show,,No,2025-12-21
Montessorimom36,tv,Nobody Wants This,,,No,2025-10-29
Montessorimom36,tv,Only Murders in the Building,,,No,2025-10-29
Nicklombardo2,movie,Predator: Badlands,Unknown,4.0,Yes,2025-11-11
Nicklombardo2,movie,The Curse of Bridge Hollow,Unknown,3.0,Yes,2025-10-26
Nicklombardo2,movie,M3GAN 2.0,Unknown,,No,2025-10-26
Nicklombardo2,movie,Hubie Halloween,Unknown,,No,2025-10-23
Nicklombardo2,movie,Good Fortune,Unknown,,No,2025-10-22
Nicklombardo2,movie,The Haunted Mansion,Unknown,,No,2025-10-22
Nicklombardo2,movie,Roofman,Unknown,,No,2025-10-16
NickNack,movie,Wake Up Dead Man: A Knives Out Mystery,Unknown,,No,2025-12-10
pkirschman,tv,Silo,,5.0,Yes,2026-02-23
Plumbtickled,movie,Mercy,,,No,2026-01-30
punkinpie123,tv,Gilmore Girls,,5.0,Yes,2026-04-06
punkinpie123,tv,Selling the City,TV Show,4.0,Yes,2025-11-06
punkinpie123,tv,No One Saw Us Leave,TV Show,4.0,Yes,2025-10-21
punkinpie123,movie,1984,,,No,2026-03-08
punkinpie123,book,Emma,Unknown Author,,No,2026-03-08
punkinpie123,tv,The Resident,,,No,2026-03-08
punkinpie123,book,Shoe Dog,Phil Knight,,No,2026-03-05
punkinpie123,tv,The Night Agent,,,No,2026-02-19
punkinpie123,tv,The Art of Sarah,,,No,2026-02-19
punkinpie123,movie,The Housemaid,,,No,2026-02-19
punkinpie123,movie,Love Me Love Me,,,No,2026-02-19
punkinpie123,movie,Marty Supreme,,,No,2026-02-19
punkinpie123,movie,“Wuthering Heights”,,,No,2026-02-19
punkinpie123,tv,Crash Landing on You,Lee Jeong-hyo,,No,2025-11-06
punkinpie123,tv,Selling Sunset,TV Show,,No,2025-11-06
punkinpie123,book,Know What Matters,Ron Shaich,,No,2025-10-28
punkinpie123,book,Backable,Suneel Gupta,,No,2025-10-28
punkinpie123,book,The Startup Owners Manual,Steve Blank and Bob Dorf,,No,2025-10-28
punkinpie123,movie,Hocus Pocus,Kenny Ortega,,No,2025-10-20
punkinpie123,podcast,Aspire with Emma Grede,Emma Grede | Audacy,,No,2025-10-09
rebelJJ,movie,It,Unknown,,No,2025-11-06
riner1428,movie,Speed,,4.0,Yes,2026-04-27
riner1428,tv,Your Friends & Neighbors,,4.0,Yes,2026-04-01
riner1428,book,"Rich Dad, Poor Dad",,4.0,Yes,2026-04-01
riner1428,movie,Mercy,,3.5,Yes,2026-03-29
riner1428,mixed,Rooster,,,No,2026-04-01
riner1428,tv,The Pitt,,,No,2026-04-01
riner1428,mixed,The Turnaround,,,No,2026-04-01
riner1428,mixed,The Count of Monte Cristo,,,No,2026-04-01
riner1428,music,Your Friends and Neighbors,,,No,2026-04-01
rvineis,tv,Derry Girls,TV Show,5.0,Yes,2025-11-03
rvineis,tv,Succession,TV Show,,No,2025-11-03
rvineis,tv,Breaking Bad,Vince Gilligan,,No,2025-11-03
rvineis,book,The Great Gatsby,F. Scott Fitzgerald,,No,2025-11-03
Samanthanickle,movie,Hamnet,,5.0,Yes,2026-03-15
Samanthanickle,tv,The Traitors,Unknown,5.0,Yes,2026-02-24
Samanthanickle,tv,Veronica Mars,,5.0,Yes,2026-01-28
Samanthanickle,tv,Grey's Anatomy,,5.0,Yes,2026-01-28
Samanthanickle,tv,Seinfeld,,5.0,Yes,2026-01-28
Samanthanickle,book,I Feel Bad About My Neck,Nora Ephron,5.0,Yes,2026-01-28
Samanthanickle,book,Saint of the Narrows Street,William Boyle,4.0,Yes,2026-02-24
Samanthanickle,movie,One Battle After Another,Paul Thomas Anderson,4.0,Yes,2026-02-01
Samanthanickle,movie,Bugonia,Yorgos Lanthimos,4.0,Yes,2026-02-01
Samanthanickle,tv,PONIES,,4.0,Yes,2026-01-28
Samanthanickle,tv,Memory of a Killer,,,No,2026-02-24
Samanthanickle,tv,The Americans,Joe Weisberg,,No,2026-02-24
sara612,book,We Begin at the End,Chris Whitaker,4.0,Yes,2026-02-01
sara612,book,The Life Impossible,Unknown Author,3.0,Yes,2026-02-01
sara612,podcast,Beth's Dead,Beth's Dead,,No,2026-02-01
sara612,book,The Silent Patient,Alex Michaelides,,No,2025-10-29
sara612,movie,Top Gun: Maverick,Joseph Kosinski,,No,2025-10-29
sara612,movie,Crazy Rich Asians,Jon M. Chu,,No,2025-10-29
sara612,book,The Nightingale,Kristin Hannah,,No,2025-10-29
SavCow,tv,Chad Powers,,,No,2025-10-29
SavCow,tv,Wednesday,TV Show,,No,2025-10-29
Seth,podcast,Why People Buy Podcast,Seth Waite,5.0,Yes,2026-01-20
Seth,book,We Wish to Inform,Philip Gourevitch,5.0,Yes,2026-01-20
Seth,tv,The Middle,,5.0,Yes,2026-01-09
Seth,book,Fractured Earth,Jasper T Scott,,No,2026-01-20
Shaebaby,book,I Capture the Castle,,5.0,Yes,2026-03-21
Shaebaby,book,The Secret History,,2.0,Yes,2026-03-21
Shaebaby,book,O Caledonia,Elspeth Barker,,No,2026-03-19
silvergabeflies,mixed,Your Friends & Neighbors,,,No,2026-04-02
Snazzyman,movie,Frankenstein,Guillermo del Toro,5.0,Yes,2025-11-09
Snazzyman,tv,The Expanse,Mark Fergus and Hawk Ostby,5.0,Yes,2025-11-03
Snazzyman,tv,Kamen Rider Black Sun,Kazuya Shiraishi,5.0,Yes,2025-11-03
Snazzyman,movie,Interstellar,Christopher Nolan,5.0,Yes,2025-11-03
Snazzyman,movie,Frankenstein,,5.0,Yes,2025-11-03
Snazzyman,tv,One Piece,,5.0,Yes,2025-11-03
Snazzyman,movie,Mistborn: The Final Empire,Unknown,5.0,Yes,2025-11-03
Snazzyman,movie,Mistborn: The Final Empire,Unknown,5.0,Yes,2025-11-03
Snazzyman,tv,One Piece,Unknown,5.0,Yes,2025-11-03
Snazzyman,movie,Why Not Us?,Didier Philippe-Gérard,4.0,Yes,2025-12-11
Snazzyman,tv,The Boys,Eric Kripke,4.0,Yes,2025-11-03
Snazzyman,podcast,Story Break,RocketJump,4.0,Yes,2025-11-03
Snazzyman,movie,Blade Runner 2049,Denis Villeneuve,4.0,Yes,2025-11-03
Snazzyman,book,Hench,Natalie Zina Walschots,3.0,Yes,2026-02-21
Snazzyman,movie,Godzilla Minus One,Takashi Yamazaki,,No,2026-02-21
Snazzyman,tv,Record of Ragnarok,,,No,2025-12-11
Snazzyman,book,The Bobiverse,Dennis E. Taylor,,No,2025-12-11
Snazzyman,tv,"Love, Death & Robots",Tim Miller,,No,2025-12-11
Snazzyman,tv,"Love, Death & Robots",Tim Miller,,No,2025-12-11
Snazzyman,mixed,Ghost of Tsushima,Sucker Punch Productions,,No,2025-12-11
Snazzyman,tv,Star Trek: Strange New Worlds,"Akiva Goldsman, Alex Kurtzman, Jenny Lumet",,No,2025-12-11
Snazzyman,game,Persona 5,Unknown Developer,,No,2025-12-11
Snazzyman,movie,Wicked: For Good,Jon M. Chu,,No,2025-11-23
Snazzyman,tv,Dan Da Dan,TV Show,,No,2025-11-23
Snazzyman,book,Arcane Kingdom Online,Jakob Tanner,,No,2025-11-23
Snazzyman,tv,I Am Not Okay with This,TV Show,,No,2025-11-23
Snazzyman,book,Questland,Carrie Vaughn,,No,2025-11-23
Snazzyman,book,Bioshock - Rapture,Ken Levine,,No,2025-11-23
Snazzyman,tv,Black Mirror,Charlie Brooker,,No,2025-11-23
Snazzyman,game,Fallout: New Vegas,Unknown Developer,,No,2025-11-23
Snazzyman,tv,INVINCIBLE,TV Show,,No,2025-11-23
Snazzyman,tv,Scavengers Reign,TV Show,,No,2025-11-23
Snazzyman,tv,Nathan for You,Nathan Fielder,,No,2025-11-08
Snazzyman,book,Sanderson's Mistborn: Shadows of Self,Brandon Sanderson,,No,2025-11-03
Snazzyman,tv,Naruto Shippūden,TV Show,,No,2025-11-03
Snazzyman,podcast,Data Over Dogma,Daniel McClellan and Daniel Beecher,,No,2025-11-03
Snazzyman,podcast,Data Over Dogma,Daniel McClellan and Daniel Beecher,,No,2025-11-03
Snazzyman,movie,Shin Kamen Rider,Unknown,,No,2025-11-03
Snazzyman,tv,Fallout,Geneva Robertson-Dworet,,No,2025-11-03
Snazzyman,tv,SPY x FAMILY,,,No,2025-11-03
Snazzyman,tv,Kamen Rider ZEZTZ,Unknown,,No,2025-11-03
Snazzyman,mixed,The Witcher 3: Wild Hunt,CD Projekt Red,,No,2025-11-03
Snazzyman,movie,The Matrix,"Lana Wachowski, Lilly Wachowski",,No,2025-11-03
Snazzyman,movie,Inception,Christopher Nolan,,No,2025-11-03
Snazzyman,game,Zelda: Tears of the Kingdom,,,No,2025-11-03
Snazzyman,game,Elden Ring,,,No,2025-11-03
Snazzyman,tv,Star Wars: Visions,,,No,2025-11-03
Snazzyman,tv,The Witcher,,,No,2025-11-03
Snazzyman,movie,Weapons,,,No,2025-11-03
Snazzyman,tv,One-Punch Man,,,No,2025-11-03
Snazzyman,tv,Stranger Things,,,No,2025-11-03
Snazzyman,tv,IT: Welcome to Derry,,,No,2025-11-03
Trey,tv,Rooster,,,No,2026-04-01
Trey,movie,Come See Me in the Good Light,,,No,2026-02-13
Trey,book,Hamnet,Maggie O'Farrell,,No,2026-02-09
Trey,tv,Pluribus,Vince Gilligan,,No,2025-11-12
Wh271,tv,The Office,,,No,2026-02-13
williemi,tv,Mayor of Kingstown,,5.0,Yes,2025-10-29
williemi,tv,Stranger Things,,4.0,Yes,2025-10-29
williemi,tv,Task,,,No,2025-10-29
williemi,tv,Tulsa King,,,No,2025-10-29
williemi,tv,The Asset,,,No,2025-10-29