username,list_name,is_default_list,media_type,media_title,creator,date_added
AaliyahWhite2,Currently,Yes,tv,All's Fair,TV Show,2025-12-10
AaliyahWhite2,Currently,Yes,book,The Souls of Black Folk,W. E. B. Du Bois,2025-12-09
AaliyahWhite2,Currently,Yes,book,The Underground Railroad,Colson Whitehead,2025-12-09
AaliyahWhite2,Currently,Yes,book,The Warmth of Other Suns: The Epic Story of America's Great Migration,Isabel Wilkerson,2025-12-09
AaliyahWhite2,Currently,Yes,book,Hood Feminism,Mikki Kendall,2025-12-09
Ambiannie,Currently,Yes,book,Remarkably Bright Creatures [Movie Tie-In],,2026-04-28
Ambiannie,Finished,Yes,book,"The Unselected Journals of Emma M. Lion, vol. 1",,2026-04-28
Ambiannie,Finished,Yes,tv,Stranger Things: Tales from '85,,2026-04-28
Ambiannie,Finished,Yes,movie,Project Hail Mary,,2026-04-28
Ambiannie,Finished,Yes,movie,Greenland 2: Migration,,2026-04-28
Amyjgardner,Favorites,Yes,book,The Unselected Journals of Emma M. Lion,Beth Brower,2026-02-18
Amyjgardner,Finished,Yes,book,The Unselected Journals of Emma M. Lion,Beth Brower,2026-02-18
Ashughes,Currently,Yes,book,Eternal Ruin,Tigest Girma,2026-04-27
Ashughes,Currently,Yes,book,The Maid and the Crocodile,,2026-04-27
Ashughes,Finished,Yes,music,Hurricane,Luke Combs,2026-04-27
Ashughes,Finished,Yes,music,One Number Away,Luke Combs,2026-04-27
Ashughes,Finished,Yes,music,Weak,AJR,2026-04-27
Ashughes,Finished,Yes,music,What Everyone's Thinking - EP,AJR,2026-04-27
Ashughes,Finished,Yes,music,The Maybe Man,AJR,2026-04-27
Ashughes,Finished,Yes,movie,Ocean's Thirteen,,2026-04-27
Ashughes,Finished,Yes,book,Immortal Dark Trilogy : Immortal Dark,Tigest Girma,2025-10-22
Azurkan90,Currently,Yes,tv,The Boys,,2026-04-27
Azurkan90,Finished,Yes,movie,Shutter Island,,2026-04-27
Azurkan90,Finished,Yes,movie,The Dark Knight Rises,,2026-04-27
Azurkan90,Finished,Yes,tv,Breaking Bad,,2026-04-27
Azurkan90,Finished,Yes,tv,Squid Game,,2026-04-27
Azurkan90,Finished,Yes,tv,Wednesday,,2026-04-27
Azurkan90,Finished,Yes,tv,Friends,,2026-04-27
Azurkan90,Finished,Yes,tv,Sex Education,,2026-04-27
Azurkan90,Finished,Yes,tv,Law & Order,,2026-04-27
Azurkan90,Finished,Yes,tv,INVINCIBLE,,2026-04-27
Azurkan90,Finished,Yes,tv,The Boys,,2026-04-27
Azurkan90,Finished,Yes,book,Inferno,Dan Brown,2025-10-22
Azurkan90,Finished,Yes,book,Dune,Frank Herbert,2025-10-22
BreEllis,Finished,Yes,book,The Unselected Journals of Emma M. Lion: Vol. 5,,2026-03-06
BritDuncan,Currently,Yes,tv,The Chair Company,TV Show,2025-10-21
BrookeM22,Currently,Yes,tv,The Traitors,,2026-02-16
BrookeM22,Finished,Yes,book,The Silent Patient,Alex Michaelides,2026-02-19
BrookeM22,Finished,Yes,movie,Bugonia,Yorgos Lanthimos,2026-02-13
BrookeM22,Finished,Yes,movie,Pulp Fiction,,2026-02-06
BrookeM22,Finished,Yes,tv,The Big Bang Theory,,2026-02-06
BrookeM22,Finished,Yes,tv,The Simpsons,,2026-02-06
BrookeM22,Finished,Yes,tv,Wednesday,,2026-02-06
BrookeM22,Finished,Yes,tv,Friends,,2026-02-06
BrookeM22,Finished,Yes,podcast,Crime Junkie,,2026-02-06
cass_matheney8,Finished,Yes,movie,The Dark Knight Rises,,2026-01-28
cass_matheney8,Finished,Yes,movie,The Dark Knight,,2026-01-28
cass_matheney8,Finished,Yes,tv,Friends,,2026-01-28
cass_matheney8,Finished,Yes,tv,Wednesday,,2026-01-28
cass_matheney8,Finished,Yes,music,Vanilla Ice Is Back! - Hip Hop Classics,,2026-01-28
Char_Mehri,Finished,Yes,music,THE TORTURED POETS DEPARTMENT,,2026-02-11
CShell83,Currently,Yes,tv,Stranger Things,,2026-01-16
CShell83,Favorites,Yes,tv,Severance,,2026-01-16
CShell83,Want To,Yes,movie,Knives Out,Unknown,2026-01-16
danovera,Currently,Yes,book,The Midnight Library,Matt Haig,2025-10-29
danovera,Finished,Yes,movie,Dune,Denis Villeneuve,2025-10-29
danovera,Want To,Yes,tv,The Queen's Gambit,Scott Frank,2025-10-29
ericlawrence,Favorites,Yes,tv,Parks and Recreation,Michael Schur,2026-01-16
HeidiIsConsumed,Best Christmas Movies of All Time,No,movie,It's a Wonderful Life,Unknown,2025-12-07
HeidiIsConsumed,Best Christmas Movies of All Time,No,movie,Miracle on 34th Street,Unknown,2025-12-07
HeidiIsConsumed,Best Reality TV,No,tv,Selling Sunset,TV Show,2025-12-07
HeidiIsConsumed,Books to Read To Kids,No,book,Ella Enchanted,Gail Carson Levine,2026-02-16
HeidiIsConsumed,Books to Read To Kids,No,movie,The Boxcar Children: Surprise Island,Unknown,2025-12-07
HeidiIsConsumed,Books to Read To Kids,No,tv,Anne of Green Gables,TV Show,2025-12-07
HeidiIsConsumed,Currently,Yes,tv,Running Point,,2026-05-02
HeidiIsConsumed,Currently,Yes,book,"The Unselected Journals of Emma M. Lion, vol. 1",,2026-04-30
HeidiIsConsumed,Currently,Yes,book,Harry Potter Series,,2026-04-30
HeidiIsConsumed,Currently,Yes,tv,Friends,,2026-04-30
HeidiIsConsumed,Currently,Yes,book,The Unselected Journals of Emma M. Lion: Vol. 6,,2026-04-10
HeidiIsConsumed,Currently,Yes,movie,Finding Harry: The Craft Behind the Magic,,2026-04-10
HeidiIsConsumed,Currently,Yes,tv,The Forsytes,,2026-04-02
HeidiIsConsumed,Currently,Yes,book,The Unselected Journals of Emma M. Lion: Vol. 5,,2026-04-02
HeidiIsConsumed,Currently,Yes,book,Atomic Habits,,2026-04-02
HeidiIsConsumed,Currently,Yes,music,Company Retreat,,2026-03-29
HeidiIsConsumed,Currently,Yes,tv,Rooster,,2026-03-29
HeidiIsConsumed,Currently,Yes,book,The Heir Apparent,Rebecca Armitage,2026-03-16
HeidiIsConsumed,Currently,Yes,book,The Unselected Journals of Emma M. Lion: Vol 3,Beth Brower,2026-03-16
HeidiIsConsumed,Date Night,No,tv,The Pitt,,2026-02-22
HeidiIsConsumed,Did Not Finish,Yes,tv,Age of Attraction,,2026-03-16
HeidiIsConsumed,Did Not Finish,Yes,movie,Golf,,2026-02-26
HeidiIsConsumed,Did Not Finish,Yes,book,Young Woman And The Sea,,2026-02-26
HeidiIsConsumed,Did Not Finish,Yes,book,Lula Dean's Little Library of Banned Books,Kirsten Miller,2026-02-22
HeidiIsConsumed,Did Not Finish,Yes,tv,PONIES,,2026-02-09
HeidiIsConsumed,Did Not Finish,Yes,podcast,The Great British Baking Pod,GreatBritishBakingPod,2026-01-17
HeidiIsConsumed,Did Not Finish,Yes,tv,Gossip Girl,,2026-01-08
HeidiIsConsumed,Did Not Finish,Yes,youtube,The FDE Playbook for AI Startups with Bob McGrew,Y Combinator,2025-12-30
HeidiIsConsumed,Did Not Finish,Yes,youtube,"ACQ2: Why Duolingo Worked (with Luis von Ahn, CEO)",Acquired,2025-12-30
HeidiIsConsumed,Did Not Finish,Yes,tv,All's Fair,TV Show,2025-12-29
HeidiIsConsumed,Did Not Finish,Yes,book,Nail It then Scale It,Nathan Furr,2025-12-06
HeidiIsConsumed,Did Not Finish,Yes,movie,Percy Jackson & the Olympians: The Lightning Thief,Unknown,2025-12-02
HeidiIsConsumed,Did Not Finish,Yes,movie,Harry Potter and the Deathly Hallows: Part 1,Unknown,2025-12-02
HeidiIsConsumed,Did Not Finish,Yes,movie,Frankenstein,Unknown,2025-11-25
HeidiIsConsumed,Did Not Finish,Yes,book,The Night Circus,Erin Morgenstern,2025-10-26
HeidiIsConsumed,Did Not Finish,Yes,tv,The Marvelous Mrs. Maisel,Amy Sherman-Palladino,2025-10-24
HeidiIsConsumed,Did Not Finish,Yes,tv,Task,,2025-10-24
HeidiIsConsumed,Family,No,movie,Luca,Unknown,2025-12-31
HeidiIsConsumed,Family,No,youtube,A for Adley - Learning & Fun,A for Adley - Learning & Fun,2025-12-31
HeidiIsConsumed,Family,No,tv,PAW Patrol,TV Show,2025-12-20
HeidiIsConsumed,Favorites,Yes,podcast,The Toast,,2026-04-08
HeidiIsConsumed,Favorites,Yes,book,The Gilded Age,,2026-02-26
HeidiIsConsumed,Favorites,Yes,movie,Oppenheimer,,2026-02-20
HeidiIsConsumed,Favorites,Yes,tv,The Pitt,,2026-02-20
HeidiIsConsumed,Favorites,Yes,movie,Fair Game,Doug Liman,2026-02-15
HeidiIsConsumed,Favorites,Yes,tv,Grace and Frankie,,2026-02-09
HeidiIsConsumed,Favorites,Yes,tv,Gilmore Girls,TV Show,2025-12-30
HeidiIsConsumed,Favorites,Yes,tv,Geek Girl,TV Show,2025-12-29
HeidiIsConsumed,Favorites,Yes,book,Pride and Prejudice,Jane Austen,2025-12-07
HeidiIsConsumed,Favorites,Yes,movie,Les Miserables,Unknown,2025-12-07
HeidiIsConsumed,Favorites,Yes,movie,Die Hard,Unknown,2025-12-02
HeidiIsConsumed,Favorites,Yes,tv,The Gilded Age,Julian Fellowes,2025-11-25
HeidiIsConsumed,Favorites,Yes,movie,To All the Boys I've Loved Before,Susan Johnson,2025-10-30
HeidiIsConsumed,Favorites,Yes,book,The Martian,Andy Weir,2025-10-30
HeidiIsConsumed,Favorites,Yes,tv,The Diplomat,,2025-10-24
HeidiIsConsumed,Favorites,Yes,tv,Nobody Wants This,,2025-10-24
HeidiIsConsumed,Favorites,Yes,movie,Hidden Figures,Theodore Melfi,2025-10-24
HeidiIsConsumed,Favorites,Yes,tv,The Crown,Peter Morgan,2025-10-24
HeidiIsConsumed,Favorites,Yes,book,Harry Potter and the Deathly Hallows,J. K. Rowling,2025-10-21
HeidiIsConsumed,Favorites,Yes,podcast,Aspire with Emma Grede,Emma Grede | Audacy,2025-10-21
HeidiIsConsumed,Finished,Yes,movie,The Devil Wears Prada 2,,2026-05-04
HeidiIsConsumed,Finished,Yes,movie,Hoppers,,2026-05-03
HeidiIsConsumed,Finished,Yes,movie,Michael,,2026-05-03
HeidiIsConsumed,Finished,Yes,movie,Apex,,2026-05-03
HeidiIsConsumed,Finished,Yes,movie,Godzilla vs. Kong,,2026-04-25
HeidiIsConsumed,Finished,Yes,tv,The Count of Monte Cristo,,2026-04-01
HeidiIsConsumed,Finished,Yes,book,The Unselected Journals of Emma M. Lion: Vol. 3,,2026-03-29
HeidiIsConsumed,Finished,Yes,book,The Unselected Journals of Emma M. Lion: Vol. 5,,2026-03-24
HeidiIsConsumed,Finished,Yes,movie,Moneyball,,2026-03-18
HeidiIsConsumed,Finished,Yes,mixed,Young Sherlock,,2026-03-17
HeidiIsConsumed,Finished,Yes,book,Minecraft,,2026-03-07
HeidiIsConsumed,Finished,Yes,movie,War Machine,,2026-03-07
HeidiIsConsumed,Finished,Yes,tv,Scrubs,,2026-02-28
HeidiIsConsumed,Finished,Yes,book,My Husband's Wife,Alice Feeney,2026-02-28
HeidiIsConsumed,Finished,Yes,book,The Gilded Age,,2026-02-26
HeidiIsConsumed,Finished,Yes,podcast,The Woman at the Bar,,2026-02-26
HeidiIsConsumed,Finished,Yes,book,Young Woman and the Sea,,2026-02-26
HeidiIsConsumed,Finished,Yes,book,Young Woman And The Sea,,2026-02-26
HeidiIsConsumed,Finished,Yes,tv,Silo,Graham Yost,2026-02-23
HeidiIsConsumed,Finished,Yes,book,The Covenant of Water (Oprah's Book Club),,2026-02-23
HeidiIsConsumed,Finished,Yes,movie,The Turnaround,,2026-02-22
HeidiIsConsumed,Finished,Yes,podcast,Beth's Dead,,2026-02-22
HeidiIsConsumed,Finished,Yes,tv,The Resident,,2026-02-22
HeidiIsConsumed,Finished,Yes,tv,The Night Agent,,2026-02-20
HeidiIsConsumed,Finished,Yes,movie,Fair Game,,2026-02-15
HeidiIsConsumed,Finished,Yes,music,THE TORTURED POETS DEPARTMENT,,2026-02-10
HeidiIsConsumed,Finished,Yes,movie,Zootopia 2,,2026-02-10
HeidiIsConsumed,Finished,Yes,movie,Hamnet,,2026-02-10
HeidiIsConsumed,Finished,Yes,movie,Primate,,2026-02-10
HeidiIsConsumed,Finished,Yes,tv,The Pitt,,2026-02-09
HeidiIsConsumed,Finished,Yes,movie,Nate Bargatze: The Tennessee Kid,,2026-02-05
HeidiIsConsumed,Finished,Yes,movie,Glass Onion: A Knives Out Mystery,,2026-01-25
HeidiIsConsumed,Finished,Yes,movie,Anne,,2026-01-20
HeidiIsConsumed,Finished,Yes,movie,Parasite,,2026-01-20
HeidiIsConsumed,Finished,Yes,movie,Oppenheimer,,2026-01-20
HeidiIsConsumed,Finished,Yes,movie,Everything Everywhere All at Once,,2026-01-20
HeidiIsConsumed,Finished,Yes,movie,Little Women,,2026-01-16
HeidiIsConsumed,Finished,Yes,tv,The Queen's Gambit,Scott Frank,2026-01-12
HeidiIsConsumed,Finished,Yes,movie,Greenland,,2026-01-12
HeidiIsConsumed,Finished,Yes,movie,Sense and Sensibility,,2026-01-12
HeidiIsConsumed,Finished,Yes,movie,Swiped,,2026-01-08
HeidiIsConsumed,Finished,Yes,book,The Unselected Journals of Emma M. Lion: Vol 2,Beth Brower,2026-01-07
HeidiIsConsumed,Finished,Yes,movie,Tangled,Unknown,2026-01-07
HeidiIsConsumed,Finished,Yes,movie,American Murder: The Family Next Door,Unknown,2026-01-07
HeidiIsConsumed,Finished,Yes,movie,Knives Out,Unknown,2026-01-03
HeidiIsConsumed,Finished,Yes,tv,Geek Girl,Holly Smale,2025-12-30
HeidiIsConsumed,Finished,Yes,tv,Gilmore Girls,TV Show,2025-12-30
HeidiIsConsumed,Finished,Yes,movie,The Great Flood,Unknown,2025-12-29
HeidiIsConsumed,Finished,Yes,book,The Unselected Journals of Emma M. Lion,Beth Brower,2025-12-28
HeidiIsConsumed,Finished,Yes,book,The Unselected Journals of Emma M. Lion,Beth Brower,2025-12-28
HeidiIsConsumed,Finished,Yes,tv,The Night Manager,Susanne Bier,2025-12-27
HeidiIsConsumed,Finished,Yes,movie,Home Alone 2: Lost in New York,Unknown,2025-12-21
HeidiIsConsumed,Finished,Yes,book,Anne of Green Gables,Lucy Maud Montgomery,2025-12-20
HeidiIsConsumed,Finished,Yes,tv,All's Fair,TV Show,2025-12-10
HeidiIsConsumed,Finished,Yes,tv,Victoria,TV Show,2025-12-09
HeidiIsConsumed,Finished,Yes,tv,Anne of Green Gables,TV Show,2025-12-07
HeidiIsConsumed,Finished,Yes,movie,Oh. What. Fun.,Unknown,2025-12-07
HeidiIsConsumed,Finished,Yes,movie,People We Meet on Vacation,Unknown,2025-12-02
HeidiIsConsumed,Finished,Yes,tv,The American Revolution,TV Show,2025-12-02
HeidiIsConsumed,Finished,Yes,book,The Sound of Gravel,Ruth Wariner,2025-12-02
HeidiIsConsumed,Finished,Yes,book,Family Experiment,John Marrs,2025-12-02
HeidiIsConsumed,Finished,Yes,book,The Sound of Gravel,Ruth Wariner,2025-11-25
HeidiIsConsumed,Finished,Yes,tv,All Her Fault,TV Show,2025-11-25
HeidiIsConsumed,Finished,Yes,tv,Schitt's Creek,Dan Levy & Eugene Levy,2025-10-30
HeidiIsConsumed,Finished,Yes,movie,A House of Dynamite,Kathryn Bigelow,2025-10-29
HeidiIsConsumed,Finished,Yes,tv,The Asset,,2025-10-29
HeidiIsConsumed,Finished,Yes,movie,Frankenweenie,Unknown,2025-10-26
HeidiIsConsumed,Finished,Yes,music,The Life of a Showgirl,Taylor Swift,2025-10-26
HeidiIsConsumed,Finished,Yes,movie,Truth & Treason,Matt Whitaker,2025-10-26
HeidiIsConsumed,Finished,Yes,movie,Crazy Rich Asians,Jon M. Chu,2025-10-26
HeidiIsConsumed,Finished,Yes,movie,The Imitation Game,Morten Tyldum,2025-10-26
HeidiIsConsumed,Finished,Yes,movie,La La Land,Damien Chazelle,2025-10-24
HeidiIsConsumed,Finished,Yes,mixed,Little Fires Everywhere,Liz Tigelaar,2025-10-24
HeidiIsConsumed,Finished,Yes,mixed,A Man Called Ove,Fredrik Backman,2025-10-24
HeidiIsConsumed,Finished,Yes,tv,Nobody Wants This,,2025-10-23
HeidiIsConsumed,Finished,Yes,music,The Life of a Showgirl - Track by Track,Taylor Swift,2025-10-21
HeidiIsConsumed,Finished,Yes,book,Anne of Green Gables,Lucy Maud Montgomery,2025-10-21
HeidiIsConsumed,Finished,Yes,tv,Sweet Magnolias,TV Show,2025-10-21
HeidiIsConsumed,Finished,Yes,tv,The Diplomat,TV Show,2025-10-21
HeidiIsConsumed,Rocky Mountain awesome,No,movie,COWBOY,,2026-01-09
HeidiIsConsumed,Rocky Mountain awesome,No,book,Heartland,George Main,2026-01-09
HeidiIsConsumed,Rom Com Movie Favs,No,movie,The Holiday,,2026-02-13
HeidiIsConsumed,Rom Com Movie Favs,No,movie,The Proposal,,2026-02-13
HeidiIsConsumed,Rom Com Movie Favs,No,movie,You've Got Mail,,2026-02-13
HeidiIsConsumed,Rom Com Movie Favs,No,movie,Me Before You,,2026-02-13
HeidiIsConsumed,Rom Com Movie Favs,No,movie,Ever After,,2026-02-13
HeidiIsConsumed,Startup Favorites,No,podcast,The Aspire Playbook: Mark Cuban’s Day-1 Blueprint for Startup Success and How AI is Changing Entrepreneurship Forever,Unknown Show,2026-02-05
HeidiIsConsumed,Startup Favorites,No,book,The Lean Startup,Eric Ries,2025-10-28
HeidiIsConsumed,Startup Favorites,No,book,Know What Matters,Ron Shaich,2025-10-28
HeidiIsConsumed,Startup Favorites,No,book,Backable,Suneel Gupta,2025-10-28
HeidiIsConsumed,Startup Hype Girls,No,podcast,Aspire with Emma Grede,Emma Grede | Audacy,2025-12-07
HeidiIsConsumed,Startup Hype Girls,No,book,Your Next Five Moves,Patrick Bet-David,2025-12-07
HeidiIsConsumed,Test Collab List,No,movie,The Holiday,,2026-02-18
HeidiIsConsumed,Test Collab List,No,movie,The Intern,,2026-02-18
HeidiIsConsumed,testing,No,movie,La La Land,,2026-03-29
HeidiIsConsumed,Want To,Yes,book,Venture Deals,Brad Feld,2026-05-05
HeidiIsConsumed,Want To,Yes,mixed,The Only Plane in the Sky,,2026-04-08
HeidiIsConsumed,Want To,Yes,book,The Night We Met (Deluxe Edition),,2026-04-02
HeidiIsConsumed,Want To,Yes,podcast,Love Trapped,,2026-03-31
HeidiIsConsumed,Want To,Yes,tv,Normal People,,2026-03-28
HeidiIsConsumed,Want To,Yes,tv,Fleabag,,2026-03-28
HeidiIsConsumed,Want To,Yes,tv,Imperfect Women,,2026-03-18
HeidiIsConsumed,Want To,Yes,movie,Project Hail Mary,,2026-03-11
HeidiIsConsumed,Want To,Yes,tv,Jinx,,2026-02-28
HeidiIsConsumed,Want To,Yes,book,Doomsday,,2026-02-26
HeidiIsConsumed,Want To,Yes,book,The Covenant of Water (Oprah's Book Club),,2026-02-23
HeidiIsConsumed,Want To,Yes,movie,Mercy,,2026-02-18
HeidiIsConsumed,Want To,Yes,tv,Severance,,2026-02-17
HeidiIsConsumed,Want To,Yes,tv,Tell Me Lies,,2026-02-17
HeidiIsConsumed,Want To,Yes,book,The Unselected Journals of Emma M. Lion,,2026-02-17
HeidiIsConsumed,Want To,Yes,mixed,The Real Housewives of Salt Lake City,,2026-02-17
HeidiIsConsumed,Want To,Yes,movie,Ella McCay,,2026-02-15
HeidiIsConsumed,Want To,Yes,movie,Crime 101,,2026-02-13
HeidiIsConsumed,Want To,Yes,movie,Marty Supreme,,2026-02-13
HeidiIsConsumed,Want To,Yes,movie,Shelter,,2026-02-10
HeidiIsConsumed,Want To,Yes,movie,Greenland 2: Migration,,2026-02-10
HeidiIsConsumed,Want To,Yes,movie,Send Help,,2026-02-10
HeidiIsConsumed,Want To,Yes,tv,A Knight of the Seven Kingdoms,,2026-02-10
HeidiIsConsumed,Want To,Yes,book,My husband's wife,Jane Corry,2026-02-10
HeidiIsConsumed,Want To,Yes,tv,The Traitors,,2026-02-10
HeidiIsConsumed,Want To,Yes,tv,The Paper,,2026-02-10
HeidiIsConsumed,Want To,Yes,book,My Husband's Wife,Alice Feeney,2026-02-09
HeidiIsConsumed,Want To,Yes,book,The Unselected Journals of Emma M. Lion: Vol 4,Beth Brower,2026-02-05
HeidiIsConsumed,Want To,Yes,tv,Anne of Green Gables,,2026-01-08
HeidiIsConsumed,Want To,Yes,tv,The Queen's Gambit,Scott Frank,2026-01-07
HeidiIsConsumed,Want To,Yes,book,The Unselected Journals of Emma M. Lion: Vol 2,Beth Brower,2026-01-03
HeidiIsConsumed,Want To,Yes,book,Love Haters,Katherine Center,2025-12-06
HeidiIsConsumed,Want To,Yes,movie,Roofman,Unknown,2025-11-25
HeidiIsConsumed,Want To,Yes,tv,The Revolutionary War,TV Show,2025-11-17
HeidiIsConsumed,Want To,Yes,tv,All's Fair,,2025-11-06
HeidiIsConsumed,Want To,Yes,tv,Death by Lightning,,2025-11-06
HeidiIsConsumed,Want To,Yes,tv,Chad Powers,Michael Waldron,2025-10-29
HeidiIsConsumed,Want To,Yes,movie,Little Women,Greta Gerwig,2025-10-29
HeidiIsConsumed,Want To,Yes,book,THE INTRUDER,Freida McFadden,2025-10-23
HillHess,Currently,Yes,book,The Unselected Journals of Emma M. Lion,Beth Brower,2026-02-07
HillHess,Currently,Yes,book,The artist's way,Julia Cameron,2025-10-30
HillHess,Currently,Yes,mixed,Survivor: The Official Podcast,CBS,2025-10-30
HillHess,Currently,Yes,tv,Slow Horses,,2025-10-30
HillHess,Did Not Finish,Yes,tv,Alone,History Channel,2025-10-30
HillHess,Favorites,Yes,movie,Mission: Impossible III,Unknown,2025-10-30
HillHess,Favorites,Yes,movie,Wonka,Unknown,2025-10-30
HillHess,Favorites,Yes,movie,Wicked,Unknown,2025-10-30
HillHess,Favorites,Yes,movie,Christmas with the Kranks,Unknown,2025-10-30
HillHess,Favorites,Yes,movie,Enola Holmes,Unknown,2025-10-30
HillHess,Favorites,Yes,podcast,On Fire with Jeff Probst: The Official Survivor Podcast,CBS,2025-10-21
HillHess,Finished,Yes,book,The Wretched of Muirwood,Jeff Wheeler,2026-02-07
HillHess,Finished,Yes,book,Project Hail Mary,Andy Weir,2026-02-07
HillHess,Finished,Yes,tv,Wonder Man,Andrew Guest,2026-02-07
HillHess,Finished,Yes,podcast,The Aspire Playbook: Mark Cuban’s Day-1 Blueprint for Startup Success and How AI is Changing Entrepreneurship Forever,,2026-02-07
HillHess,Finished,Yes,movie,Nate Bargatze: The Tennessee Kid,,2026-02-07
HillHess,Finished,Yes,movie,TRON: Ares,,2025-10-30
HillHess,Finished,Yes,movie,Castaway,Robert Zemeckis,2025-10-30
HillHess,Finished,Yes,tv,Friends,,2025-10-30
HillHess,Want To,Yes,movie,Wicked: For Good,,2025-10-30
HillHess,Want To,Yes,book,My Lady Jane,Cynthia Hand,2025-10-30
Jackie101189,Currently,Yes,tv,The Pitt,,2026-04-28
Jackie101189,Finished,Yes,tv,Tell Me Lies,,2026-01-30
Jackie101189,Finished,Yes,music,The Life of a Showgirl,Taylor Swift,2025-11-06
jacquelineaneil,Currently,Yes,mixed,The Joe Rogan Experience,Joe Rogan,2025-10-31
jacquelineaneil,Finished,Yes,tv,Southern Charm,TV Show,2025-10-31
jacquelineaneil,Finished,Yes,tv,The Diplomat,TV Show,2025-10-31
jacquelineaneil,Finished,Yes,tv,Friends,TV Show,2025-10-31
jacquelineaneil,Finished,Yes,movie,Parasite,Bong Joon-ho,2025-10-31
jacquelineaneil,Finished,Yes,tv,The Queen's Gambit,Scott Frank,2025-10-31
jamjardi,Currently,Yes,tv,Late Night with Seth Meyers,TV Show,2025-10-29
jamjardi,Currently,Yes,tv,Last Week Tonight with John Oliver,TV Show,2025-10-29
jamjardi,Currently,Yes,tv,Slow Horses,TV Show,2025-10-29
jamjardi,Currently,Yes,podcast,The Lonely Island and Seth Meyers Podcast,The Lonely Island & Seth Meyers,2025-10-29
jamjardi,Favorites,Yes,tv,Justified,TV Show,2025-11-01
jamjardi,Favorites,Yes,tv,Star Trek: Deep Space Nine,TV Show,2025-10-29
jamjardi,Favorites,Yes,tv,Parks and Recreation,TV Show,2025-10-29
jamjardi,Favorites,Yes,tv,Brooklyn Nine-Nine,TV Show,2025-10-29
jedivie,Currently,Yes,youtube,"Victor the Assassin Series Tom Wood Collection 3 Books Set (The Hunter, The Enemy, The Game)",The Book Bundle UK,2026-01-30
jedivie,Finished,Yes,podcast,PBD Podcast,,2026-01-30
jedivie,Finished,Yes,music,Vanilla Ice Is Back! - Hip Hop Classics,,2026-01-30
Jeeppler,Currently,Yes,tv,Big Mistakes,,2026-04-19
Jeeppler,Currently,Yes,tv,Rooster,,2026-03-26
Jeeppler,Currently,Yes,book,James,Percival Everett,2026-03-13
Jeeppler,Currently,Yes,podcast,Handsome,Headgum,2025-10-29
Jeeppler,Currently,Yes,podcast,Armchair Expert with Dax Shepard,Armchair Umbrella,2025-10-29
Jeeppler,Currently,Yes,book,Creative Act,Rick Rubin,2025-10-29
Jeeppler,Currently,Yes,book,BRAIDING SWEETGRASS,Robin Wall Kimmerer,2025-10-29
Jeeppler,Currently,Yes,book,Myth of Normal,Gabor Maté,2025-10-29
Jeeppler,Did Not Finish,Yes,tv,Stranger Things,,2025-11-03
Jeeppler,Did Not Finish,Yes,tv,Only Murders in the Building,,2025-10-29
Jeeppler,Finished,Yes,tv,The Daily Show,,2026-03-26
Jeeppler,Finished,Yes,tv,Scrubs,,2026-03-26
Jeeppler,Finished,Yes,tv,Better Call Saul,,2026-03-13
Jeeppler,Finished,Yes,tv,The Good Place,,2026-03-12
Jeeppler,Finished,Yes,tv,Watch What Happens Live with Andy Cohen,,2026-03-10
Jeeppler,Finished,Yes,movie,"Good Luck to You, Leo Grande",,2026-03-08
Jeeppler,Finished,Yes,movie,Sinners,,2026-03-08
Jeeppler,Finished,Yes,book,Ask for Andrea,Noelle West Ihli,2026-03-01
Jeeppler,Finished,Yes,tv,Paradise,,2026-02-25
Jeeppler,Finished,Yes,tv,The Traitors,Nishant Nayak,2026-02-25
Jeeppler,Finished,Yes,movie,Bugonia,,2026-02-13
Jeeppler,Finished,Yes,movie,Come See Me in the Good Light,,2026-02-13
Jeeppler,Finished,Yes,book,Youth in Revolt,C.D. Payne,2026-02-11
Jeeppler,Finished,Yes,movie,Youth in Revolt,Miguel Arteta,2026-02-11
Jeeppler,Finished,Yes,music,THE TORTURED POETS DEPARTMENT,,2026-02-11
Jeeppler,Finished,Yes,book,Revolting Youth,C.D. Payne,2026-02-11
Jeeppler,Finished,Yes,book,Survivor,Chuck Palahniuk,2026-02-11
Jeeppler,Finished,Yes,movie,Zootopia 2,,2026-02-11
Jeeppler,Finished,Yes,tv,The White Lotus,,2026-02-05
Jeeppler,Finished,Yes,movie,Knives Out,Rian Johnson,2026-01-26
Jeeppler,Finished,Yes,tv,Stranger Things,,2026-01-15
Jeeppler,Finished,Yes,mixed,Making a Murderer,,2026-01-12
Jeeppler,Finished,Yes,mixed,Vanderpump Rules,,2026-01-12
Jeeppler,Finished,Yes,book,The Gifts of Imperfection,Breň Brown,2026-01-11
Jeeppler,Finished,Yes,mixed,The Real Housewives of Salt Lake City,,2026-01-11
Jeeppler,Finished,Yes,tv,Below Deck Mediterranean,,2026-01-11
Jeeppler,Finished,Yes,tv,The Marvelous Mrs. Maisel,Amy Sherman-Palladino,2025-12-10
Jeeppler,Finished,Yes,tv,The Morning Show,Jay Carson,2025-12-03
Jeeppler,Finished,Yes,tv,Nobody Wants This,Erin Foster,2025-12-03
Jeeppler,Finished,Yes,tv,Palm Royale,TV Show,2025-11-17
Jeeppler,Finished,Yes,tv,Pluribus,,2025-11-14
Jeeppler,Finished,Yes,movie,American Strays,Michael Covert,2025-11-13
Jeeppler,Finished,Yes,book,Choke,Chuck Palahniuk,2025-11-05
Jeeppler,Finished,Yes,book,Haunted,Chuck Palahniuk,2025-11-05
Jeeppler,Finished,Yes,tv,Severance,Dan Erickson,2025-11-05
Jeeppler,Finished,Yes,tv,The Office,Greg Daniels,2025-11-05
Jeeppler,Finished,Yes,movie,The Wolf of Wall Street,,2025-11-05
Jeeppler,Finished,Yes,mixed,S-Town,Brian Reed,2025-11-05
Jeeppler,Finished,Yes,tv,Real Housewives of New York City,Bravo,2025-11-05
Jeeppler,Finished,Yes,tv,The Keepers,Ryan White,2025-11-03
Jeeppler,Finished,Yes,tv,Schitt's Creek,Dan Levy and Eugene Levy,2025-11-03
Jeeppler,Finished,Yes,tv,The Real Housewives of Salt Lake City,Bravo,2025-11-03
Jeeppler,Finished,Yes,tv,The Real Housewives of Beverly Hills,Bravo,2025-10-28
Jeeppler,Finished,Yes,tv,Ted Lasso,"Bill Lawrence, Jason Sudeikis",2025-10-28
Jeeppler,Finished,Yes,tv,The Last Dance,Jason Hehir,2025-10-28
Jeeppler,Finished,Yes,movie,Bohemian Rhapsody,Bryan Singer,2025-10-28
Jeeppler,Finished,Yes,tv,Below Deck,Bravo,2025-10-28
Jeeppler,Finished,Yes,mixed,Serial,Sarah Koenig,2025-10-28
Jeeppler,Finished,Yes,tv,The Crown,Peter Morgan,2025-10-28
Jeeppler,Finished,Yes,tv,Making a Murderer,Laura Ricciardi and Moira Demos,2025-10-28
Jeeppler,Finished,Yes,tv,Task,Brad Ingelsby,2025-10-21
Jeeppler,Finished,Yes,tv,The Real Housewives of Potomac,Scott Dunlop,2025-10-21
Jeeppler,Want To,Yes,mixed,The Toast,,2026-04-09
Jeeppler,Want To,Yes,movie,Hoppers,,2026-03-10
Jeeppler,Want To,Yes,movie,“Wuthering Heights”,,2026-02-20
Jeeppler,Want To,Yes,tv,The Pitt,R. Scott Gemmill,2026-02-20
Jeeppler,Want To,Yes,movie,Knives Out,,2026-02-13
Jeeppler,Want To,Yes,movie,Marty Supreme,,2026-02-11
Jeeppler,Want To,Yes,movie,Hamnet,,2026-02-11
Jeeppler,Want To,Yes,mixed,Succession,,2026-01-11
Jeeppler,Want To,Yes,tv,Pluribus,,2025-11-13
Jeeppler,Want To,Yes,movie,One Battle After Another,,2025-11-13
Jeeppler,Want To,Yes,movie,A Merry Little Ex-Mas,,2025-11-13
Jeeppler,Want To,Yes,podcast,Timesuck with Dan Cummins,Dan Cummins,2025-11-05
Jeeppler,Want To,Yes,podcast,Story Break,RocketJump,2025-11-03
Jeeppler,Want To,Yes,podcast,Data Over Dogma,Daniel McClellan and Daniel Beecher,2025-11-03
Jeeppler,Want To,Yes,tv,Friends from College,"Nicholas Stoller, Francesca Delbanco",2025-10-28
Jennalovesbooks,Currently,Yes,book,The Hunger Games Trilogy,Suzanne Collins,2026-05-05
Jennalovesbooks,Currently,Yes,book,The Unselected Journals of Emma M. Lion: Vol 3,Beth Brower,2026-03-13
Jennalovesbooks,Finished,Yes,movie,Moneyball,,2026-03-11
Jennalovesbooks,Finished,Yes,mixed,Shoe Dog,,2026-03-11
Jennalovesbooks,Finished,Yes,book,Project Hail Mary,Andy Weir,2026-03-11
Jennalovesbooks,Want To,No,mixed,The Unselected Journals of Emma M. Lion: Vol. 5,,2026-03-24
Jennalovesbooks,Want To,No,tv,The Traitors,,2026-03-11
jennifer,Want To,Yes,tv,All's Fair,,2025-11-04
jillplacer12,Currently,Yes,movie,Star Wars: Episode I - The Phantom Menace,,2026-05-04
jillplacer12,Currently,Yes,tv,The Bachelorette,,2026-05-03
jillplacer12,Finished,Yes,movie,Mortal Kombat II,,2026-05-08
Joejoe,Currently,Yes,book,Startup Nation,"Dan Senor, Saul Singer",2025-12-09
Joejoe,Currently,Yes,tv,Brooklyn Nine-Nine,"Michael Schur, Dan Goor",2025-12-09
Joejoe,Currently,Yes,book,Zero to One,Peter Thiel,2025-12-09
Joejoe,Currently,Yes,youtube,Amazing! TECHART modified Porsche 992 Targa 4S opens its roof. Subscribe for more!,TECHART,2025-12-09
Joejoe,Currently,Yes,youtube,I found Stradmans old car,Burlacher,2025-12-09
Joejoe,Finished,Yes,movie,A Merry Little Ex-Mas,Unknown,2025-11-23
Joejoe,Want To,Yes,podcast,How to Take Over the World,Benjamin Wilson,2025-11-28
Joejoe,Want To,Yes,book,All in Her Head,Elizabeth Comen,2025-11-24
johnlane,Favorites,Yes,movie,The Social Network,,2026-04-01
jordan,Finished,Yes,movie,Interstellar,Christopher Nolan,2025-11-03
jordancroninger@gmail.com,Currently,Yes,book,The Only Plane in the Sky,,2026-04-08
jordancroninger@gmail.com,Currently,Yes,book,The Gifts of Imperfection,Breň Brown,2026-01-09
jordancroninger@gmail.com,Finished,Yes,music,The Toast Theme Song,,2026-04-27
jordancroninger@gmail.com,Finished,Yes,tv,Trust Me: The False Prophet,,2026-04-27
jordancroninger@gmail.com,Finished,Yes,book,Don't Believe Everything You Think,,2026-04-08
jordancroninger@gmail.com,Finished,Yes,book,The Gifts of Imperfection,Breň Brown,2026-01-09
jordanrivers24,Currently,Yes,tv,The Pitt,,2026-05-01
jordanrivers24,Currently,Yes,movie,The Turnaround,,2026-03-10
jordanrivers24,Currently,Yes,movie,Startup,,2026-01-28
jordanrivers24,Favorites,Yes,movie,The Fugitive,,2026-04-27
jordanrivers24,Favorites,Yes,game,Call of Duty: Modern Warfare,Infinity Ward,2026-01-04
jordanrivers24,Favorites,Yes,movie,Louis C.K.: Hilarious,Louis C.K.,2026-01-04
jordanrivers24,Finished,Yes,movie,The Bride!,,2026-04-13
jordanrivers24,Finished,Yes,movie,Avatar: Fire and Ash,,2026-04-13
jordanrivers24,Finished,Yes,movie,Outcome,,2026-04-13
jordanrivers24,Finished,Yes,movie,Thrash,,2026-04-13
jordanrivers24,Finished,Yes,movie,The Super Mario Galaxy Movie,,2026-04-13
jordanrivers24,Finished,Yes,movie,Project Hail Mary,,2026-04-13
jordanrivers24,Finished,Yes,movie,Moneyball,,2026-03-10
jordanrivers24,Finished,Yes,movie,War Machine,,2026-03-10
jordanrivers24,Finished,Yes,movie,Get Out,,2026-01-23
jordanrivers24,Finished,Yes,movie,The Shining,,2026-01-23
jordanrivers24,Finished,Yes,tv,The Beatles: Get Back,,2026-01-08
jordanrivers24,Finished,Yes,tv,All Her Fault,,2026-01-08
jordanrivers24,Finished,Yes,podcast,The Joe Rogan Experience,Joe Rogan,2026-01-04
jordanrivers24,Finished,Yes,tv,Planet Earth II,David Attenborough,2026-01-04
jordanrivers24,Finished,Yes,tv,The Expanse,Mark Fergus and Hawk Ostby,2026-01-04
jordanrivers24,Finished,Yes,movie,Knives Out,Unknown,2026-01-04
jordanrivers24,Finished,Yes,movie,Nate Bargatze: The Tennessee Kid,Unknown,2025-12-09
jordanrivers24,Want To,Yes,tv,Stranger Things,,2026-01-04
joy,Currently,Yes,book,"The Unselected Journals of Emma M. Lion, vol. 3",Beth Brower,2026-04-18
joy,Currently,Yes,book,Radiance of the Ordinary,,2026-04-18
joy,Currently,Yes,book,Mere Christianity,,2026-03-26
joy,Favorites,Yes,movie,Escape from Germany,,2026-04-18
joy,Favorites,Yes,movie,It's a Wonderful Life,Unknown,2025-12-31
joy,Finished,Yes,movie,Escape from Germany,,2026-04-28
joy,Finished,Yes,movie,It's a Wonderful Life,,2026-04-28
joy,Finished,Yes,podcast,Helping of Happiness,,2026-04-28
joy,Finished,Yes,book,"The Unselected Journals of Emma M. Lion, vol. 3",,2026-04-27
joy,Finished,Yes,book,Strangers in Time,,2026-03-26
joy,Finished,Yes,movie,Ordinary Angels,Unknown,2025-11-12
joy,Finished,Yes,book,Saint behind enemy lines,Olga Kovářová Campora,2025-11-07
joy,Finished,Yes,podcast,Church History Matters,Scripture Central,2025-11-03
Jrgibsongirl,Currently,Yes,book,Crooked Kingdom,Leigh Bardugo,2026-04-27
Jrgibsongirl,Currently,Yes,game,Hogwarts Legacy,Unknown Developer,2025-10-22
Jrgibsongirl,Finished,Yes,movie,Project Hail Mary,,2026-04-27
Jrgibsongirl,Finished,Yes,music,Better Together,Jack Johnson,2025-10-22
Jrgibsongirl,Finished,Yes,tv,Stargate SG-1,TV Show,2025-10-22
Jrgibsongirl,Finished,Yes,tv,Happy's Place,TV Show,2025-10-22
Jrgibsongirl,Want To,Yes,tv,The Diplomat,Debora Cahn,2025-10-22
KChandler,Currently,Yes,book,Unequal Affections,Lara S. Ormiston,2025-10-29
KChandler,Finished,Yes,movie,Emma,Autumn de Wilde,2025-10-29
KendallK,Finished,Yes,book,In Your Dreams,,2026-05-03
KendallK,Finished,Yes,movie,A Million Miles Away,,2026-04-14
KendallK,Finished,Yes,movie,Project Hail Mary,,2026-04-14
KendallK,Finished,Yes,book,A Cross-Country Christmas,,2026-04-14
KJWoodsEMH,Currently,Yes,podcast,My Favorite Murder with Karen Kilgariff and Georgia Hardstark,Exactly Right and iHeartPodcasts,2026-04-28
KJWoodsEMH,Currently,Yes,podcast,Judge John Hodgman,John Hodgman and Maximum Fun,2026-04-28
KJWoodsEMH,Currently,Yes,podcast,Nobody Listens to Paula Poundstone,"Lipstick Nancy, Inc. & Glassbox Media",2025-10-22
KJWoodsEMH,Currently,Yes,podcast,Sawbones: A Marital Tour of Misguided Medicine,"Justin McElroy, Dr. Sydnee McElroy",2025-10-22
KJWoodsEMH,Currently,Yes,tv,Star Trek: Strange New Worlds,TV Show,2025-10-22
KJWoodsEMH,Currently,Yes,podcast,"My Brother, My Brother And Me",The McElroys,2025-10-22
KJWoodsEMH,Did Not Finish,Yes,podcast,Stuff You Should Know,iHeartPodcasts,2026-04-28
KJWoodsEMH,Did Not Finish,Yes,tv,The Umbrella Academy,"Steve Blackman, Jeremy Slater",2025-10-29
KJWoodsEMH,Did Not Finish,Yes,tv,The Witcher,Lauren Schmidt Hissrich,2025-10-29
KJWoodsEMH,Did Not Finish,Yes,book,RED RISING,Pierce Brown,2025-10-25
KJWoodsEMH,Did Not Finish,Yes,tv,Blue Bloods,Mitchell Burgess and Robin Green,2025-10-25
KJWoodsEMH,Favorites,Yes,book,The Thursday Murder Club,Richard Osman,2025-10-29
KJWoodsEMH,Favorites,Yes,music,Coat of Many Colors,Dolly Parton,2025-10-22
KJWoodsEMH,Favorites,Yes,tv,Law & Order: Special Victims Unit,TV Show,2025-10-22
KJWoodsEMH,Favorites,Yes,game,Dr. Mario,Unknown Developer,2025-10-22
KJWoodsEMH,Favorites,Yes,movie,Sister Act 2: Back in the Habit,Unknown,2025-10-22
KJWoodsEMH,Favorites,Yes,movie,Sister Act,Unknown,2025-10-22
KJWoodsEMH,Finished,Yes,book,My Friends,Fredrik Backman,2026-04-28
KJWoodsEMH,Finished,Yes,book,The Wedding People,Alison Espach,2026-04-28
KJWoodsEMH,Finished,Yes,book,Anxious People,Fredrik Backman,2026-04-28
KJWoodsEMH,Finished,Yes,podcast,Believable: The Coco Berthmann Story,Dear Media,2026-04-28
KJWoodsEMH,Finished,Yes,podcast,Gardens of Evil: Inside the Zion Society Cult,American NIghtmares,2026-04-28
KJWoodsEMH,Finished,Yes,book,Scarpetta,Patricia Daniels Cornwell,2026-04-28
KJWoodsEMH,Finished,Yes,book,Black Notice,Patricia Daniels Cornwell,2026-04-28
KJWoodsEMH,Finished,Yes,book,The Last Precinct,Patricia Cornwell,2026-04-28
KJWoodsEMH,Finished,Yes,book,From Potter's Field,,2026-04-28
KJWoodsEMH,Finished,Yes,book,Body of Evidence,Patricia Cornwell,2026-04-28
KJWoodsEMH,Finished,Yes,book,Postmortem,Patricia Cornwell,2026-04-28
KJWoodsEMH,Finished,Yes,Book,Redshirts,,2026-04-28
KJWoodsEMH,Finished,Yes,book,Super Powereds,,2026-04-27
KJWoodsEMH,Finished,Yes,book,Super Powereds: Year 1,Drew Hayes,2026-04-27
KJWoodsEMH,Finished,Yes,book,Super Powereds,,2026-04-27
KJWoodsEMH,Finished,Yes,book,Super Powereds,,2026-04-27
KJWoodsEMH,Finished,Yes,book,Undeath & Taxes,,2026-04-27
KJWoodsEMH,Finished,Yes,book,"The Utterly Uninteresting and Unadventurous Tales of Fred, the Vampire Accountant",Drew Hayes,2026-04-27
KJWoodsEMH,Finished,Yes,tv,Law & Order: Special Victims Unit,,2026-04-27
KJWoodsEMH,Finished,Yes,tv,The Boys,,2026-04-27
KJWoodsEMH,Finished,Yes,movie,The Lord of the Rings: The Fellowship of the Ring,,2026-04-27
KJWoodsEMH,Finished,Yes,book,The Lord of the Rings,,2026-04-27
KJWoodsEMH,Finished,Yes,tv,Stargate SG-1,,2026-04-27
KJWoodsEMH,Finished,Yes,tv,Medium,,2026-04-27
KJWoodsEMH,Finished,Yes,tv,Major Crimes,,2026-04-27
KJWoodsEMH,Finished,Yes,tv,The Closer,,2026-04-27
KJWoodsEMH,Finished,Yes,TV Show,Only Murders in the Building,,2026-04-27
KJWoodsEMH,Finished,Yes,book,The Thursday Murder Club 2,Richard Osman,2025-10-29
KJWoodsEMH,Finished,Yes,book,When the Moon Hits Your Eye,John Scalzi,2025-10-29
KJWoodsEMH,Finished,Yes,book,Starter Villain,John Scalzi,2025-10-29
KJWoodsEMH,Finished,Yes,book,The Kaiju Preservation Society,John Scalzi,2025-10-29
KJWoodsEMH,Finished,Yes,book,The Last Colony,John Scalzi,2025-10-29
KJWoodsEMH,Finished,Yes,book,Anxious People,Fredrik Backman,2025-10-29
KJWoodsEMH,Finished,Yes,book,RED RISING,Pierce Brown,2025-10-25
KJWoodsEMH,Finished,Yes,movie,The Perfect Neighbor,Geeta Gandbhir,2025-10-25
KJWoodsEMH,Finished,Yes,movie,Knives Out,Rian Johnson,2025-10-25
KJWoodsEMH,Finished,Yes,mixed,Serial,Sarah Koenig,2025-10-25
KJWoodsEMH,Finished,Yes,book,The Martian,Andy Weir,2025-10-25
KJWoodsEMH,Finished,Yes,book,The Dresden Files,Jim Butcher,2025-10-25
KJWoodsEMH,Finished,Yes,music,I Will Always Love You,Dolly Parton,2025-10-22
KJWoodsEMH,Finished,Yes,movie,Star Trek II: The Wrath of Khan,Unknown,2025-10-22
KJWoodsEMH,Finished,Yes,movie,Star Trek: The Motion Picture,Unknown,2025-10-22
KJWoodsEMH,Finished,Yes,movie,Star Trek,Unknown,2025-10-22
KJWoodsEMH,Finished,Yes,tv,Star Trek: Lower Decks,TV Show,2025-10-22
KJWoodsEMH,Finished,Yes,tv,Star Trek: Enterprise,TV Show,2025-10-22
KJWoodsEMH,Finished,Yes,tv,Star Trek: Deep Space Nine,TV Show,2025-10-22
KJWoodsEMH,Finished,Yes,tv,Star Trek: Voyager,TV Show,2025-10-22
KJWoodsEMH,Finished,Yes,tv,Star Trek: The Next Generation,TV Show,2025-10-22
KJWoodsEMH,Finished,Yes,tv,Star Trek,TV Show,2025-10-22
KJWoodsEMH,Finished,Yes,movie,Rhinestone,Unknown,2025-10-22
KJWoodsEMH,Finished,Yes,movie,Hocus Pocus,Kenny Ortega,2025-10-21
KJWoodsEMH,Finished,Yes,book,Old Man's War,Unknown Author,2025-10-21
KJWoodsEMH,Want To,Yes,tv,Scarpetta,,2026-04-28
KJWoodsEMH,Want To,Yes,tv,Law & Order: Special Victims Unit,,2026-04-27
KJWoodsEMH,Want To,Yes,movie,Hocus Pocus,Kenny Ortega,2025-10-21
KyBurg,Want To,Yes,tv,All's Fair,Jon Robin Baitz,2025-11-06
Leacarlson22,Finished,Yes,tv,All Her Fault,,2026-01-08
Lester,Finished,Yes,tv,Stranger Things,,2026-02-20
Lester,Finished,Yes,movie,Marty Supreme,,2026-02-20
Lester,Finished,Yes,movie,Now You See Me: Now You Don't,,2026-02-20
Lester,Finished,Yes,movie,Predator: Badlands,,2026-02-20
Lester,Finished,Yes,movie,Primate,,2026-02-20
Lester,Finished,Yes,movie,28 Years Later: The Bone Temple,,2026-02-20
Lester,Finished,Yes,movie,Scream 7,,2026-02-20
Lester,Finished,Yes,movie,Mercy,,2026-02-20
Lester,Lester's Little List,No,movie,Twisters,,2026-02-19
Lester,Lester's Little List,No,movie,Send Help,,2026-02-19
Lester,Want To,No,tv,Star Trek: Starfleet Academy,,2026-02-20
Lester,Want To,No,tv,A Knight of the Seven Kingdoms,,2026-02-20
Lester,Want To,No,tv,Fallout,,2026-02-20
Lester,Want To,No,tv,The Pitt,,2026-02-17
linds047,Did Not Finish,Yes,tv,Stranger Things,,2025-10-30
linds047,Finished,Yes,movie,Eternity,David Freyne,2025-12-04
linds047,Finished,Yes,movie,Die My Love,Lynne Ramsay,2025-11-25
linds047,Finished,Yes,movie,Rental Family,HIKARI,2025-11-25
linds047,Finished,Yes,movie,Wicked: For Good,Jon M. Chu,2025-11-25
linds047,Finished,Yes,movie,The Fantastic 4: First Steps,Matt Shakman,2025-11-13
linds047,Finished,Yes,movie,Roofman,Derek Cianfrance,2025-11-13
linds047,Finished,Yes,tv,All Her Fault,Megan Gallagher,2025-11-13
linds047,Finished,Yes,movie,Nuremberg,James Vanderbilt,2025-11-12
linds047,Finished,Yes,movie,Bugonia,Yorgos Lanthimos,2025-11-12
linds047,Finished,Yes,book,The Silent Patient,Alex Michaelides,2025-11-06
linds047,Finished,Yes,movie,Superman,James Gunn,2025-10-30
linds047,Finished,Yes,movie,Satisfied,Chris Bolan,2025-10-30
linds047,Finished,Yes,movie,A Big Bold Beautiful Journey,Kogonada,2025-10-30
linds047,Finished,Yes,movie,"Oh, Hi!",Sophie Brooks,2025-10-30
linds047,Finished,Yes,movie,"Sorry, Baby",Eva Victor,2025-10-30
linds047,Finished,Yes,movie,Weapons,Zach Cregger,2025-10-30
linds047,Finished,Yes,movie,One Battle After Another,Paul Thomas Anderson,2025-10-30
linds047,Finished,Yes,movie,Good Fortune,Aziz Ansari,2025-10-30
linds047,Finished,Yes,movie,Regretting You,Josh Boone,2025-10-30
linds047,Want To,Yes,podcast,The Retrievals,Serial Productions & The New York Times,2025-10-30
LissyRu,Finished,Yes,book,The Unselected Journals of Emma M. Lion: Vol 5,Beth Brower,2026-02-24
LissyRu,Finished,Yes,book,The Unselected Journals of Emma M. Lion,Beth Brower,2026-02-24
LissyRu,Finished,Yes,book,The Unselected Journals of Emma M. Lion,Beth Brower,2026-02-24
LissyRu,Finished,Yes,book,The Unselected Journals of Emma M. Lion,Beth Brower,2026-02-24
LissyRu,Finished,Yes,book,The Unselected Journals of Emma M. Lion: Vol. 6,Beth Brower,2026-02-24
LissyRu,Finished,Yes,book,The Unselected Journals of Emma M. Lion: Vol 4,Beth Brower,2026-02-24
LissyRu,Finished,Yes,book,A Court of Thorns and Roses,Sarah J. Maas,2026-02-24
logicalsoure,Currently,Yes,movie,Creed,Unknown,2025-10-23
logicalsoure,Finished,Yes,music,Time,Pink Floyd,2025-10-23
Madhope21,Currently,Yes,tv,Fallout,,2025-12-11
Madhope21,Currently,Yes,movie,Wicked: For Good,Unknown,2025-12-11
Madhope21,Currently,Yes,movie,The Lighthouse,Robert Eggers,2025-12-11
Madhope21,Currently,Yes,movie,The Invisible Man,Leigh Whannell,2025-12-11
Madhope21,Currently,Yes,podcast,Curse of: America’s Next Top Model,iHeartPodcasts and Glass Podcasts,2025-11-06
Madhope21,Currently,Yes,book,The Women,Kristin Hannah,2025-11-04
Madhope21,Currently,Yes,tv,DAHMER - Monster: The Jeffrey Dahmer Story,TV Show,2025-11-02
Madhope21,Currently,Yes,podcast,Crime Junkie,audiochuck,2025-11-02
Madhope21,Currently,Yes,game,Hogwarts Legacy,Unknown Developer,2025-11-02
Madhope21,Currently,Yes,podcast,Morbid,Ash Kelley & Alaina Urquhart,2025-11-02
Madhope21,Currently,Yes,podcast,Good Hang with Amy Poehler,The Ringer,2025-11-02
Madhope21,Did Not Finish,Yes,tv,Only Murders in the Building,Steve Martin and John Hoffman,2025-11-03
Madhope21,Finished,Yes,movie,Hereditary,,2026-01-16
Madhope21,Finished,Yes,book,Sociopath,Patric Gagne,2026-01-15
Madhope21,Finished,Yes,book,Educated,Tara Westover,2026-01-15
Madhope21,Finished,Yes,movie,Why Not Us?,Didier Philippe-Gérard,2025-11-10
Madhope21,Finished,Yes,movie,Don't Worry Darling,Unknown,2025-11-10
Madhope21,Finished,Yes,movie,The Invisible Man,Leigh Whannell,2025-11-03
Madhope21,Finished,Yes,tv,The Secret Lives of Mormon Wives,TV Show,2025-11-03
Madhope21,Finished,Yes,movie,The Strangers,Unknown,2025-11-02
Madhope21,Finished,Yes,book,House of My Mother,Shari Franke,2025-11-02
Madhope21,Finished,Yes,movie,Weapons,Zach Cregger,2025-11-02
Madhope21,Finished,Yes,tv,The Expanse,"Mark Fergus, Hawk Ostby",2025-11-02
Madhope21,Finished,Yes,book,The storied life of A. J. Fikry,Gabrielle Zevin,2025-11-02
Madhope21,Want To,Yes,movie,Weapons,Zach Cregger,2025-11-02
Madhope21,Want To,Yes,movie,A House of Dynamite,,2025-11-02
Madhope21,Want To,Yes,tv,Stranger Things,,2025-11-02
Madhope21,Want To,Yes,tv,IT: Welcome to Derry,,2025-11-02
marystarre274,Favorites,Yes,book,Harry Potter and the Philosopher's Stone,,2026-04-02
MegBassett,Currently,Yes,tv,Nobody Wants This,TV Show,2025-10-29
MH815,Finished,Yes,tv,Schitt's Creek,"Eugene Levy, Daniel Levy",2025-10-30
MH815,Finished,Yes,book,The Midnight Library,Matt Haig,2025-10-30
MH815,Finished,Yes,tv,The Queen's Gambit,Scott Frank,2025-10-30
micah,Want To,Yes,tv,Silo,Graham Yost,2025-11-03
micah,Want To,Yes,tv,Slow Horses,,2025-11-03
micah,Want To,Yes,tv,Robin Hood,Unknown,2025-11-03
mikerobinson,Currently,Yes,tv,Severance,TV Show,2025-12-03
mikerobinson,Currently,Yes,movie,Titanic,Unknown,2025-12-03
mikerobinson,Finished,Yes,book,Harry Potter and the Order of the Phoenix,J. K. Rowling,2026-02-24
mjimenez,Finished,Yes,movie,War Machine,,2026-03-24
mjimenez,Want To,No,movie,Moneyball,,2026-03-24
MoDjanie,Currently,Yes,tv,Single's Inferno,,2026-01-30
MoDjanie,Currently,Yes,book,Just Mercy,Bryan Stevenson,2025-11-06
MoDjanie,Currently,Yes,tv,Starting 5,TV Show,2025-11-06
MoDjanie,Finished,Yes,book,Caste: The Origins of Our Discontents,,2026-01-30
MoDjanie,Finished,Yes,book,To Kill a Mockingbird,,2026-01-30
MoDjanie,Finished,Yes,tv,Nobody Wants This,TV Show,2025-11-06
MoDjanie,Finished,Yes,book,The Reason I Jump One Boys Voice From The Silence Of Autism,Naoki Higashida,2025-11-06
MoDjanie,Want To,Yes,book,Long Walk to Freedom,Nelson Mandela,2025-11-06
Mon_Anne,Finished,Yes,movie,Hoppers,,2026-03-06
Mon_Anne,Finished,Yes,movie,Thunderbolts*,,2026-03-04
Mon_Anne,Finished,Yes,book,The Silent Patient,,2026-03-04
Montessorimom36,Currently,Yes,tv,Gilmore Girls,TV Show,2025-12-21
Montessorimom36,Currently,Yes,tv,Only Murders in the Building,,2025-10-29
Montessorimom36,Favorites,Yes,movie,Just Friends,Unknown,2025-12-21
Montessorimom36,Favorites,Yes,movie,Harry Potter and the Philosopher's Stone,Unknown,2025-12-21
Montessorimom36,Favorites,Yes,mixed,Dear Evan Hansen,Benj Pasek and Justin Paul,2025-12-21
Montessorimom36,Favorites,Yes,tv,Brooklyn Nine-Nine,"Michael Schur, Dan Goor",2025-12-21
Montessorimom36,Favorites,Yes,tv,The Office,TV Show,2025-12-21
Montessorimom36,Favorites,Yes,tv,Parks and Recreation,TV Show,2025-12-21
Montessorimom36,Favorites,Yes,tv,Schitt's Creek,TV Show,2025-12-21
Montessorimom36,Favorites,Yes,tv,Friends,TV Show,2025-12-21
Montessorimom36,Favorites,Yes,tv,Gilmore Girls,TV Show,2025-10-29
Montessorimom36,Finished,Yes,movie,Wicked: For Good,Jon M. Chu,2025-12-21
Montessorimom36,Want To,Yes,tv,Nobody Wants This,,2025-10-29
Nicklombardo2,Finished,Yes,movie,Predator: Badlands,Unknown,2025-11-11
Nicklombardo2,Finished,Yes,movie,The Curse of Bridge Hollow,Unknown,2025-10-26
Nicklombardo2,Finished,Yes,movie,M3GAN 2.0,Unknown,2025-10-26
Nicklombardo2,Finished,Yes,movie,Hubie Halloween,Unknown,2025-10-23
Nicklombardo2,Finished,Yes,movie,Good Fortune,Unknown,2025-10-22
Nicklombardo2,Finished,Yes,movie,The Haunted Mansion,Unknown,2025-10-22
Nicklombardo2,Finished,Yes,movie,Roofman,Unknown,2025-10-16
NickNack,Currently,Yes,movie,Wake Up Dead Man: A Knives Out Mystery,Unknown,2025-12-10
pkirschman,Currently,Yes,tv,Silo,,2026-02-23
Plumbtickled,Finished,Yes,movie,Mercy,,2026-01-30
punkinpie123,Currently,Yes,movie,1984,,2026-03-08
punkinpie123,Currently,Yes,book,Emma,Unknown Author,2026-03-08
punkinpie123,Currently,Yes,tv,The Resident,,2026-03-08
punkinpie123,Currently,Yes,tv,Selling Sunset,TV Show,2025-11-06
punkinpie123,Did Not Finish,Yes,book,The Startup Owners Manual,Steve Blank and Bob Dorf,2025-10-28
punkinpie123,Favorites,Yes,tv,Gilmore Girls,,2026-04-06
punkinpie123,Finished,Yes,movie,The Housemaid,,2026-02-19
punkinpie123,Finished,Yes,movie,Love Me Love Me,,2026-02-19
punkinpie123,Finished,Yes,movie,Marty Supreme,,2026-02-19
punkinpie123,Finished,Yes,movie,“Wuthering Heights”,,2026-02-19
punkinpie123,Finished,Yes,tv,Selling the City,TV Show,2025-11-06
punkinpie123,Finished,Yes,tv,No One Saw Us Leave,TV Show,2025-10-21
punkinpie123,Startup Favs,No,book,Shoe Dog,Phil Knight,2026-03-05
punkinpie123,Startup Favs,No,book,Know What Matters,Ron Shaich,2025-10-28
punkinpie123,Startup Favs,No,book,Backable,Suneel Gupta,2025-10-28
punkinpie123,Startup Favs,No,podcast,Aspire with Emma Grede,Emma Grede | Audacy,2025-10-09
punkinpie123,Want To,Yes,tv,The Night Agent,,2026-02-19
punkinpie123,Want To,Yes,tv,The Art of Sarah,,2026-02-19
punkinpie123,Want To,Yes,tv,Crash Landing on You,Lee Jeong-hyo,2025-11-06
punkinpie123,Want To,Yes,movie,Hocus Pocus,Kenny Ortega,2025-10-20
rebelJJ,Currently,Yes,movie,It,Unknown,2025-11-06
riner1428,Currently,Yes,movie,Speed,,2026-04-27
riner1428,Currently,Yes,tv,Your Friends & Neighbors,,2026-04-01
riner1428,Currently,Yes,music,Your Friends and Neighbors,,2026-04-01
riner1428,Finished,Yes,book,"Rich Dad, Poor Dad",,2026-04-01
riner1428,Finished,Yes,movie,Mercy,,2026-03-29
riner1428,Want To,No,mixed,Rooster,,2026-04-01
riner1428,Want To,No,tv,The Pitt,,2026-04-01
riner1428,Want To,No,mixed,The Turnaround,,2026-04-01
riner1428,Want To,No,mixed,The Count of Monte Cristo,,2026-04-01
rvineis,Currently,Yes,tv,Succession,TV Show,2025-11-03
rvineis,Did Not Finish,Yes,tv,Breaking Bad,Vince Gilligan,2025-11-03
rvineis,Finished,Yes,tv,Derry Girls,TV Show,2025-11-03
rvineis,Finished,Yes,book,The Great Gatsby,F. Scott Fitzgerald,2025-11-03
Samanthanickle,Currently,Yes,tv,Memory of a Killer,,2026-02-24
Samanthanickle,Currently,Yes,book,Saint of the Narrows Street,William Boyle,2026-02-24
Samanthanickle,Currently,Yes,tv,The Americans,Joe Weisberg,2026-02-24
Samanthanickle,Favorites,Yes,tv,The Traitors,Unknown,2026-02-24
Samanthanickle,Favorites,Yes,tv,Veronica Mars,,2026-01-28
Samanthanickle,Favorites,Yes,tv,Grey's Anatomy,,2026-01-28
Samanthanickle,Favorites,Yes,tv,Seinfeld,,2026-01-28
Samanthanickle,Favorites,Yes,book,I Feel Bad About My Neck,Nora Ephron,2026-01-28
Samanthanickle,Finished,Yes,movie,Hamnet,,2026-03-15
Samanthanickle,Finished,Yes,movie,One Battle After Another,Paul Thomas Anderson,2026-02-01
Samanthanickle,Finished,Yes,movie,Bugonia,Yorgos Lanthimos,2026-02-01
Samanthanickle,Finished,Yes,tv,PONIES,,2026-01-28
sara612,Currently,Yes,podcast,Beth's Dead,Beth's Dead,2026-02-01
sara612,Finished,Yes,book,We Begin at the End,Chris Whitaker,2026-02-01
sara612,Finished,Yes,book,The Life Impossible,Unknown Author,2026-02-01
sara612,Finished,Yes,book,The Silent Patient,Alex Michaelides,2025-10-29
sara612,Finished,Yes,movie,Top Gun: Maverick,Joseph Kosinski,2025-10-29
sara612,Finished,Yes,movie,Crazy Rich Asians,Jon M. Chu,2025-10-29
sara612,Finished,Yes,book,The Nightingale,Kristin Hannah,2025-10-29
SavCow,Want To,Yes,tv,Chad Powers,,2025-10-29
SavCow,Want To,Yes,tv,Wednesday,TV Show,2025-10-29
Seth,Finished,Yes,podcast,Why People Buy Podcast,Seth Waite,2026-01-20
Seth,Finished,Yes,book,We Wish to Inform,Philip Gourevitch,2026-01-20
Seth,Finished,Yes,book,Fractured Earth,Jasper T Scott,2026-01-20
Seth,Finished,Yes,tv,The Middle,,2026-01-09
Shaebaby,Currently,Yes,book,O Caledonia,Elspeth Barker,2026-03-19
Shaebaby,Finished,Yes,book,The Secret History,,2026-03-21
Shaebaby,Finished,Yes,book,I Capture the Castle,,2026-03-21
silvergabeflies,Currently,Yes,mixed,Your Friends & Neighbors,,2026-04-02
Snazzyman,Currently,Yes,book,Hench,Natalie Zina Walschots,2026-02-21
Snazzyman,Currently,Yes,tv,Record of Ragnarok,,2025-12-11
Snazzyman,Currently,Yes,tv,"Love, Death & Robots",Tim Miller,2025-12-11
Snazzyman,Currently,Yes,tv,Dan Da Dan,TV Show,2025-11-23
Snazzyman,Currently,Yes,tv,INVINCIBLE,TV Show,2025-11-23
Snazzyman,Currently,Yes,tv,The Expanse,Mark Fergus and Hawk Ostby,2025-11-03
Snazzyman,Currently,Yes,tv,Naruto Shippūden,TV Show,2025-11-03
Snazzyman,Currently,Yes,podcast,Data Over Dogma,Daniel McClellan and Daniel Beecher,2025-11-03
Snazzyman,Currently,Yes,podcast,Story Break,RocketJump,2025-11-03
Snazzyman,Currently,Yes,movie,Shin Kamen Rider,Unknown,2025-11-03
Snazzyman,Currently,Yes,tv,Kamen Rider Black Sun,Kazuya Shiraishi,2025-11-03
Snazzyman,Currently,Yes,tv,Kamen Rider ZEZTZ,Unknown,2025-11-03
Snazzyman,Currently,Yes,tv,One Piece,,2025-11-03
Snazzyman,Did Not Finish,Yes,tv,Star Trek: Strange New Worlds,"Akiva Goldsman, Alex Kurtzman, Jenny Lumet",2025-12-11
Snazzyman,Did Not Finish,Yes,tv,SPY x FAMILY,,2025-11-03
Snazzyman,Did Not Finish,Yes,mixed,The Witcher 3: Wild Hunt,CD Projekt Red,2025-11-03
Snazzyman,Did Not Finish,Yes,game,Elden Ring,,2025-11-03
Snazzyman,Did Not Finish,Yes,tv,The Witcher,,2025-11-03
Snazzyman,Favorites,Yes,movie,Mistborn: The Final Empire,Unknown,2025-11-03
Snazzyman,Finished,Yes,movie,Godzilla Minus One,Takashi Yamazaki,2026-02-21
Snazzyman,Finished,Yes,book,The Bobiverse,Dennis E. Taylor,2025-12-11
Snazzyman,Finished,Yes,movie,Why Not Us?,Didier Philippe-Gérard,2025-12-11
Snazzyman,Finished,Yes,movie,Wicked: For Good,Jon M. Chu,2025-11-23
Snazzyman,Finished,Yes,book,Arcane Kingdom Online,Jakob Tanner,2025-11-23
Snazzyman,Finished,Yes,tv,I Am Not Okay with This,TV Show,2025-11-23
Snazzyman,Finished,Yes,book,Questland,Carrie Vaughn,2025-11-23
Snazzyman,Finished,Yes,book,Bioshock - Rapture,Ken Levine,2025-11-23
Snazzyman,Finished,Yes,tv,Black Mirror,Charlie Brooker,2025-11-23
Snazzyman,Finished,Yes,game,Fallout: New Vegas,Unknown Developer,2025-11-23
Snazzyman,Finished,Yes,tv,Scavengers Reign,TV Show,2025-11-23
Snazzyman,Finished,Yes,movie,Frankenstein,Guillermo del Toro,2025-11-09
Snazzyman,Finished,Yes,tv,Nathan for You,Nathan Fielder,2025-11-08
Snazzyman,Finished,Yes,tv,The Boys,Eric Kripke,2025-11-03
Snazzyman,Finished,Yes,book,Sanderson's Mistborn: Shadows of Self,Brandon Sanderson,2025-11-03
Snazzyman,Finished,Yes,tv,Fallout,Geneva Robertson-Dworet,2025-11-03
Snazzyman,Finished,Yes,movie,Interstellar,Christopher Nolan,2025-11-03
Snazzyman,Finished,Yes,movie,Blade Runner 2049,Denis Villeneuve,2025-11-03
Snazzyman,Finished,Yes,movie,The Matrix,"Lana Wachowski, Lilly Wachowski",2025-11-03
Snazzyman,Finished,Yes,movie,Inception,Christopher Nolan,2025-11-03
Snazzyman,Finished,Yes,game,Zelda: Tears of the Kingdom,,2025-11-03
Snazzyman,Finished,Yes,movie,Weapons,,2025-11-03
Snazzyman,Finished,Yes,tv,One-Punch Man,,2025-11-03
Snazzyman,Finished,Yes,tv,Stranger Things,,2025-11-03
Snazzyman,Finished,Yes,movie,Mistborn: The Final Empire,Unknown,2025-11-03
Snazzyman,Want To,Yes,tv,"Love, Death & Robots",Tim Miller,2025-12-11
Snazzyman,Want To,Yes,mixed,Ghost of Tsushima,Sucker Punch Productions,2025-12-11
Snazzyman,Want To,Yes,game,Persona 5,Unknown Developer,2025-12-11
Snazzyman,Want To,Yes,podcast,Data Over Dogma,Daniel McClellan and Daniel Beecher,2025-11-03
Snazzyman,Want To,Yes,tv,Star Wars: Visions,,2025-11-03
Snazzyman,Want To,Yes,movie,Frankenstein,,2025-11-03
Snazzyman,Want To,Yes,tv,IT: Welcome to Derry,,2025-11-03
Snazzyman,Want To,Yes,tv,One Piece,Unknown,2025-11-03
Trey,Currently,Yes,tv,Rooster,,2026-04-01
Trey,Want To,Yes,movie,Come See Me in the Good Light,,2026-02-13
Trey,Want To,Yes,book,Hamnet,Maggie O'Farrell,2026-02-09
Trey,Want To,Yes,tv,Pluribus,Vince Gilligan,2025-11-12
Wh271,Finished,Yes,tv,The Office,,2026-02-13
williemi,Currently,Yes,tv,Stranger Things,,2025-10-29
williemi,Currently,Yes,tv,Mayor of Kingstown,,2025-10-29
williemi,Want To,Yes,tv,Task,,2025-10-29
williemi,Want To,Yes,tv,Tulsa King,,2025-10-29
williemi,Want To,Yes,tv,The Asset,,2025-10-29